codigo_asignatura,asignatura,planes,tipologia,creditos,grupo,actividad,profesores,cupos_disponibles,jornada,dia,hora_inicio,hora_fin,salon,edificio,tipo_espacio,salon_nombre,fecha
1000044-B,Inglés I- Semestral,2542 INGENIERÍA CIVIL,NIVELACIÓN,3,(1) Grupo 1,CLASE TEORICA,Beatriz Elena Urrutia Sanchez,26,DIURNO,LUNES,07:00,09:00,,,,,24/08/2026 - 12/12/2026
1000044-B,Inglés I- Semestral,2542 INGENIERÍA CIVIL,NIVELACIÓN,3,(1) Grupo 1,CLASE TEORICA,Beatriz Elena Urrutia Sanchez,26,DIURNO,MIÉRCOLES,07:00,09:00,,,,,24/08/2026 - 12/12/2026
1000044-B,Inglés I- Semestral,2542 INGENIERÍA CIVIL,NIVELACIÓN,3,(2) Grupo 2,CLASE TEORICA,Yaneli Niño Osorio,26,DIURNO,MIÉRCOLES,07:00,09:00,,,,,24/08/2026 - 12/12/2026
1000044-B,Inglés I- Semestral,2542 INGENIERÍA CIVIL,NIVELACIÓN,3,(2) Grupo 2,CLASE TEORICA,Yaneli Niño Osorio,26,DIURNO,VIERNES,07:00,09:00,,,,,24/08/2026 - 12/12/2026
1000044-B,Inglés I- Semestral,2542 INGENIERÍA CIVIL,NIVELACIÓN,3,(3) Grupo 3,CLASE TEORICA,Luis Gabriel Peña Ortiz,26,DIURNO,SÁBADO,07:00,11:00,,,,,24/08/2026 - 12/12/2026
1000044-B,Inglés I- Semestral,2542 INGENIERÍA CIVIL,NIVELACIÓN,3,(4) Grupo 4,CLASE TEORICA,Liliana Marcela Guzman Aricapa,26,DIURNO,LUNES,09:00,11:00,,,,,24/08/2026 - 12/12/2026
1000044-B,Inglés I- Semestral,2542 INGENIERÍA CIVIL,NIVELACIÓN,3,(4) Grupo 4,CLASE TEORICA,Liliana Marcela Guzman Aricapa,26,DIURNO,MIÉRCOLES,09:00,11:00,,,,,24/08/2026 - 12/12/2026
1000044-B,Inglés I- Semestral,2542 INGENIERÍA CIVIL,NIVELACIÓN,3,(5) Grupo 5,CLASE TEORICA,Beatriz Elena Urrutia Sanchez,26,DIURNO,MARTES,09:00,11:00,,,,,24/08/2026 - 12/12/2026
1000044-B,Inglés I- Semestral,2542 INGENIERÍA CIVIL,NIVELACIÓN,3,(5) Grupo 5,CLASE TEORICA,Beatriz Elena Urrutia Sanchez,26,DIURNO,JUEVES,09:00,11:00,,,,,24/08/2026 - 12/12/2026
1000044-B,Inglés I- Semestral,2542 INGENIERÍA CIVIL,NIVELACIÓN,3,(6) Grupo 6,CLASE TEORICA,Cesar Augusto Romero,26,DIURNO,MARTES,11:00,13:00,,,,,24/08/2026 - 12/12/2026
1000044-B,Inglés I- Semestral,2542 INGENIERÍA CIVIL,NIVELACIÓN,3,(6) Grupo 6,CLASE TEORICA,Cesar Augusto Romero,26,DIURNO,JUEVES,11:00,13:00,,,,,24/08/2026 - 12/12/2026
1000044-B,Inglés I- Semestral,2542 INGENIERÍA CIVIL,NIVELACIÓN,3,(7) Grupo 7,CLASE TEORICA,JOSE JONATHAN MAESTRE HERRERA,26,DIURNO,MARTES,14:00,16:00,,,,,24/08/2026 - 12/12/2026
1000044-B,Inglés I- Semestral,2542 INGENIERÍA CIVIL,NIVELACIÓN,3,(7) Grupo 7,CLASE TEORICA,JOSE JONATHAN MAESTRE HERRERA,26,DIURNO,JUEVES,14:00,16:00,,,,,24/08/2026 - 12/12/2026
1000044-B,Inglés I- Semestral,2542 INGENIERÍA CIVIL,NIVELACIÓN,3,(8) Grupo 8,CLASE TEORICA,Beymar Leonardo Solorzano Alviz,26,DIURNO,LUNES,16:00,18:00,,,,,24/08/2026 - 12/12/2026
1000044-B,Inglés I- Semestral,2542 INGENIERÍA CIVIL,NIVELACIÓN,3,(8) Grupo 8,CLASE TEORICA,Beymar Leonardo Solorzano Alviz,26,DIURNO,MIÉRCOLES,16:00,18:00,,,,,24/08/2026 - 12/12/2026
1000044-B,Inglés I- Semestral,2542 INGENIERÍA CIVIL,NIVELACIÓN,3,(9) Grupo 9,CLASE TEORICA,Claudia Marcela Arevalo Gomez,7,DIURNO,MARTES,18:00,20:00,,,,,24/08/2026 - 17/12/2026
1000044-B,Inglés I- Semestral,2542 INGENIERÍA CIVIL,NIVELACIÓN,3,(9) Grupo 9,CLASE TEORICA,Claudia Marcela Arevalo Gomez,7,DIURNO,JUEVES,18:00,20:00,,,,,24/08/2026 - 17/12/2026
1000044-B,Inglés I- Semestral,2542 INGENIERÍA CIVIL,NIVELACIÓN,3,(9) Grupo 9,CLASE TEORICA,Claudia Marcela Arevalo Gomez,7,DIURNO,MARTES,13:00,15:00,16,EDIFICIO AULAS DE CLASE,,TIC 4C,24/08/2026 - 17/12/2026
1000044-B,Inglés I- Semestral,2542 INGENIERÍA CIVIL,NIVELACIÓN,3,(9) Grupo 9,CLASE TEORICA,Claudia Marcela Arevalo Gomez,7,DIURNO,JUEVES,13:00,15:00,16,EDIFICIO AULAS DE CLASE,,TIC 4C,24/08/2026 - 17/12/2026
1000044-B,Inglés I- Semestral,2542 INGENIERÍA CIVIL,NIVELACIÓN,3,(9) Grupo 9,CLASE TEORICA,Claudia Marcela Arevalo Gomez,7,DIURNO,LUNES,11:00,13:00,,,,,24/08/2026 - 17/12/2026
1000044-B,Inglés I- Semestral,2542 INGENIERÍA CIVIL,NIVELACIÓN,3,(9) Grupo 9,CLASE TEORICA,Claudia Marcela Arevalo Gomez,7,DIURNO,MIÉRCOLES,11:00,13:00,,,,,24/08/2026 - 17/12/2026
1000044-B,Inglés I- Semestral,2542 INGENIERÍA CIVIL,NIVELACIÓN,3,(9) Grupo 9,CLASE TEORICA,Claudia Marcela Arevalo Gomez,7,DIURNO,MARTES,07:00,09:00,,,,,24/08/2026 - 17/12/2026
1000044-B,Inglés I- Semestral,2542 INGENIERÍA CIVIL,NIVELACIÓN,3,(9) Grupo 9,CLASE TEORICA,Claudia Marcela Arevalo Gomez,7,DIURNO,JUEVES,07:00,09:00,,,,,24/08/2026 - 17/12/2026
1000044-B,Inglés I- Semestral,2542 INGENIERÍA CIVIL,NIVELACIÓN,3,(9) Grupo 9,CLASE TEORICA,Claudia Marcela Arevalo Gomez,7,DIURNO,MIÉRCOLES,17:00,19:00,06,EDIFICIO PRINCIPAL SEDE CARIBE,,AULA DE INNOVACION Y PENSAMIENTO CRITICO,24/08/2026 - 17/12/2026
1000044-B,Inglés I- Semestral,2542 INGENIERÍA CIVIL,NIVELACIÓN,3,(9) Grupo 9,CLASE TEORICA,Claudia Marcela Arevalo Gomez,7,DIURNO,VIERNES,17:00,19:00,06,EDIFICIO PRINCIPAL SEDE CARIBE,,AULA DE INNOVACION Y PENSAMIENTO CRITICO,24/08/2026 - 17/12/2026
1000044-B,Inglés I- Semestral,2542 INGENIERÍA CIVIL,NIVELACIÓN,3,(9) Grupo 9,CLASE TEORICA,Claudia Marcela Arevalo Gomez,7,DIURNO,LUNES,17:00,19:00,15,EDIFICIO AULAS DE CLASE,,TIC 3B,24/08/2026 - 17/12/2026
1000044-B,Inglés I- Semestral,2542 INGENIERÍA CIVIL,NIVELACIÓN,3,(9) Grupo 9,CLASE TEORICA,Claudia Marcela Arevalo Gomez,7,DIURNO,MIÉRCOLES,17:00,19:00,11,EDIFICIO AULAS DE CLASE,,TIC 4A,24/08/2026 - 17/12/2026
1000044-B,Inglés I- Semestral,2542 INGENIERÍA CIVIL,NIVELACIÓN,3,(9) Grupo 9,CLASE TEORICA,Claudia Marcela Arevalo Gomez,7,DIURNO,MARTES,17:00,19:00,19,EDIFICIO AULAS DE CLASE,,TIC 5C,24/08/2026 - 17/12/2026
1000044-B,Inglés I- Semestral,2542 INGENIERÍA CIVIL,NIVELACIÓN,3,(9) Grupo 9,CLASE TEORICA,Claudia Marcela Arevalo Gomez,7,DIURNO,JUEVES,17:00,19:00,19,EDIFICIO AULAS DE CLASE,,TIC 5C,24/08/2026 - 17/12/2026
1000044-B,Inglés I- Semestral,2542 INGENIERÍA CIVIL,NIVELACIÓN,3,(9) Grupo 9,CLASE TEORICA,Claudia Marcela Arevalo Gomez,7,DIURNO,LUNES,07:00,09:00,14,EDIFICIO AULAS DE CLASE,,TIC 3A,24/08/2026 - 17/12/2026
1000044-B,Inglés I- Semestral,2542 INGENIERÍA CIVIL,NIVELACIÓN,3,(9) Grupo 9,CLASE TEORICA,Claudia Marcela Arevalo Gomez,7,DIURNO,VIERNES,07:00,09:00,14,EDIFICIO AULAS DE CLASE,,TIC 3A,24/08/2026 - 17/12/2026
1000044-B,Inglés I- Semestral,2542 INGENIERÍA CIVIL,NIVELACIÓN,3,(9) Grupo 9,CLASE TEORICA,Claudia Marcela Arevalo Gomez,7,DIURNO,LUNES,09:00,11:00,A-3B,AULAS MODULARES,SALON,AULA MODULAR 3B,24/08/2026 - 17/12/2026
1000044-B,Inglés I- Semestral,2542 INGENIERÍA CIVIL,NIVELACIÓN,3,(9) Grupo 9,CLASE TEORICA,Claudia Marcela Arevalo Gomez,7,DIURNO,VIERNES,09:00,11:00,A-1A,AULAS MODULARES,SALON,AULA MODULAR 1A,24/08/2026 - 17/12/2026
1000044-B,Inglés I- Semestral,2542 INGENIERÍA CIVIL,NIVELACIÓN,3,(9) Grupo 9,CLASE TEORICA,Claudia Marcela Arevalo Gomez,7,DIURNO,MARTES,13:00,15:00,A-3B,AULAS MODULARES,SALON,AULA MODULAR 3B,24/08/2026 - 17/12/2026
1000044-B,Inglés I- Semestral,2542 INGENIERÍA CIVIL,NIVELACIÓN,3,(9) Grupo 9,CLASE TEORICA,Claudia Marcela Arevalo Gomez,7,DIURNO,JUEVES,13:00,15:00,C-1A,EDIFICIO ADMINISTRATIVO (IEP),SALON,AULA CEP,24/08/2026 - 17/12/2026
1000044-B,Inglés I- Semestral,2542 INGENIERÍA CIVIL,NIVELACIÓN,3,(9) Grupo 9,CLASE TEORICA,Claudia Marcela Arevalo Gomez,7,DIURNO,MIÉRCOLES,13:00,15:00,A-1A,AULAS MODULARES,SALON,AULA MODULAR 1A,24/08/2026 - 17/12/2026
1000044-B,Inglés I- Semestral,2542 INGENIERÍA CIVIL,NIVELACIÓN,3,(9) Grupo 9,CLASE TEORICA,Claudia Marcela Arevalo Gomez,7,DIURNO,VIERNES,13:00,15:00,A-2B,AULAS MODULARES,SALON,AULA MODULAR 2B,24/08/2026 - 17/12/2026
1000044-B,Inglés I- Semestral,2542 INGENIERÍA CIVIL,NIVELACIÓN,3,(9) Grupo 9,CLASE TEORICA,Claudia Marcela Arevalo Gomez,7,DIURNO,MIÉRCOLES,13:00,15:00,A-3B,AULAS MODULARES,SALON,AULA MODULAR 3B,24/08/2026 - 17/12/2026
1000044-B,Inglés I- Semestral,2542 INGENIERÍA CIVIL,NIVELACIÓN,3,(9) Grupo 9,CLASE TEORICA,Claudia Marcela Arevalo Gomez,7,DIURNO,VIERNES,07:00,09:00,A-3B,AULAS MODULARES,SALON,AULA MODULAR 3B,24/08/2026 - 17/12/2026
1000044-B,Inglés I- Semestral,2542 INGENIERÍA CIVIL,NIVELACIÓN,3,(9) Grupo 9,CLASE TEORICA,Claudia Marcela Arevalo Gomez,7,DIURNO,MARTES,17:00,19:00,,,,,24/08/2026 - 17/12/2026
1000044-B,Inglés I- Semestral,2542 INGENIERÍA CIVIL,NIVELACIÓN,3,(9) Grupo 9,CLASE TEORICA,Claudia Marcela Arevalo Gomez,7,DIURNO,JUEVES,17:00,19:00,,,,,24/08/2026 - 17/12/2026
1000044-B,Inglés I- Semestral,2542 INGENIERÍA CIVIL,NIVELACIÓN,3,(9) Grupo 9,CLASE TEORICA,Claudia Marcela Arevalo Gomez,7,DIURNO,MARTES,07:00,09:00,,,,,24/08/2026 - 17/12/2026
1000044-B,Inglés I- Semestral,2542 INGENIERÍA CIVIL,NIVELACIÓN,3,(9) Grupo 9,CLASE TEORICA,Claudia Marcela Arevalo Gomez,7,DIURNO,JUEVES,07:00,09:00,,,,,24/08/2026 - 17/12/2026
1000045-B,Inglés II - Semestral,2542 INGENIERÍA CIVIL,NIVELACIÓN,3,(1) Grupo 1,CLASE TEORICA,Claudia Marcela Arevalo Gomez,10,DIURNO,LUNES,07:00,09:00,,,,,24/08/2026 - 17/12/2026
1000045-B,Inglés II - Semestral,2542 INGENIERÍA CIVIL,NIVELACIÓN,3,(1) Grupo 1,CLASE TEORICA,Claudia Marcela Arevalo Gomez,10,DIURNO,MIÉRCOLES,07:00,09:00,,,,,24/08/2026 - 17/12/2026
1000045-B,Inglés II - Semestral,2542 INGENIERÍA CIVIL,NIVELACIÓN,3,(1) Grupo 1,CLASE TEORICA,Claudia Marcela Arevalo Gomez,10,DIURNO,MIÉRCOLES,14:00,16:00,,,,,24/08/2026 - 17/12/2026
1000045-B,Inglés II - Semestral,2542 INGENIERÍA CIVIL,NIVELACIÓN,3,(1) Grupo 1,CLASE TEORICA,Claudia Marcela Arevalo Gomez,10,DIURNO,VIERNES,16:00,18:00,,,,,24/08/2026 - 17/12/2026
1000045-B,Inglés II - Semestral,2542 INGENIERÍA CIVIL,NIVELACIÓN,3,(10) Grupo 10,CLASE TEORICA,Jesica paola Rendon Alfonso,26,DIURNO,MIÉRCOLES,11:00,13:00,,,,,24/08/2026 - 12/12/2026
1000045-B,Inglés II - Semestral,2542 INGENIERÍA CIVIL,NIVELACIÓN,3,(10) Grupo 10,CLASE TEORICA,Jesica paola Rendon Alfonso,26,DIURNO,VIERNES,11:00,13:00,,,,,24/08/2026 - 12/12/2026
1000045-B,Inglés II - Semestral,2542 INGENIERÍA CIVIL,NIVELACIÓN,3,(11) Grupo 11,CLASE TEORICA,JOSE JONATHAN MAESTRE HERRERA,26,DIURNO,LUNES,14:00,16:00,,,,,24/08/2026 - 12/12/2026
1000045-B,Inglés II - Semestral,2542 INGENIERÍA CIVIL,NIVELACIÓN,3,(11) Grupo 11,CLASE TEORICA,JOSE JONATHAN MAESTRE HERRERA,26,DIURNO,MIÉRCOLES,14:00,16:00,,,,,24/08/2026 - 12/12/2026
1000045-B,Inglés II - Semestral,2542 INGENIERÍA CIVIL,NIVELACIÓN,3,(12) Grupo 12,CLASE TEORICA,LINDA JOHANA RUIZ GOMEZ,26,DIURNO,MARTES,14:00,16:00,,,,,24/08/2026 - 12/12/2026
1000045-B,Inglés II - Semestral,2542 INGENIERÍA CIVIL,NIVELACIÓN,3,(12) Grupo 12,CLASE TEORICA,LINDA JOHANA RUIZ GOMEZ,26,DIURNO,JUEVES,14:00,16:00,,,,,24/08/2026 - 12/12/2026
1000045-B,Inglés II - Semestral,2542 INGENIERÍA CIVIL,NIVELACIÓN,3,(13) Grupo 13,CLASE TEORICA,Narly Yadira Pardo Cadena,26,DIURNO,LUNES,16:00,18:00,,,,,24/08/2026 - 12/12/2026
1000045-B,Inglés II - Semestral,2542 INGENIERÍA CIVIL,NIVELACIÓN,3,(13) Grupo 13,CLASE TEORICA,Narly Yadira Pardo Cadena,26,DIURNO,MIÉRCOLES,16:00,18:00,,,,,24/08/2026 - 12/12/2026
1000045-B,Inglés II - Semestral,2542 INGENIERÍA CIVIL,NIVELACIÓN,3,(14) Grupo 14,CLASE TEORICA,Angelica Saenz Fonseca,26,DIURNO,MARTES,16:00,18:00,,,,,24/08/2026 - 12/12/2026
1000045-B,Inglés II - Semestral,2542 INGENIERÍA CIVIL,NIVELACIÓN,3,(14) Grupo 14,CLASE TEORICA,Angelica Saenz Fonseca,26,DIURNO,JUEVES,16:00,18:00,,,,,24/08/2026 - 12/12/2026
1000045-B,Inglés II - Semestral,2542 INGENIERÍA CIVIL,NIVELACIÓN,3,(15) Grupo 15,CLASE TEORICA,Narly Yadira Pardo Cadena,26,DIURNO,LUNES,18:00,20:00,,,,,24/08/2026 - 12/12/2026
1000045-B,Inglés II - Semestral,2542 INGENIERÍA CIVIL,NIVELACIÓN,3,(15) Grupo 15,CLASE TEORICA,Narly Yadira Pardo Cadena,26,DIURNO,MIÉRCOLES,18:00,20:00,,,,,24/08/2026 - 12/12/2026
1000045-B,Inglés II - Semestral,2542 INGENIERÍA CIVIL,NIVELACIÓN,3,(16) Grupo 16,CLASE TEORICA,Luis Gabriel Peña Ortiz,26,DIURNO,MARTES,18:00,20:00,,,,,24/08/2026 - 12/12/2026
1000045-B,Inglés II - Semestral,2542 INGENIERÍA CIVIL,NIVELACIÓN,3,(16) Grupo 16,CLASE TEORICA,Luis Gabriel Peña Ortiz,26,DIURNO,JUEVES,18:00,20:00,,,,,24/08/2026 - 12/12/2026
1000045-B,Inglés II - Semestral,2542 INGENIERÍA CIVIL,NIVELACIÓN,3,(2) Grupo 2,CLASE TEORICA,Cesar Augusto Romero,26,DIURNO,MARTES,07:00,09:00,,,,,24/08/2026 - 12/12/2026
1000045-B,Inglés II - Semestral,2542 INGENIERÍA CIVIL,NIVELACIÓN,3,(2) Grupo 2,CLASE TEORICA,Cesar Augusto Romero,26,DIURNO,JUEVES,07:00,09:00,,,,,24/08/2026 - 12/12/2026
1000045-B,Inglés II - Semestral,2542 INGENIERÍA CIVIL,NIVELACIÓN,3,(3) Grupo 3,CLASE TEORICA,Jesica paola Rendon Alfonso,26,DIURNO,MIÉRCOLES,07:00,09:00,,,,,24/08/2026 - 12/12/2026
1000045-B,Inglés II - Semestral,2542 INGENIERÍA CIVIL,NIVELACIÓN,3,(3) Grupo 3,CLASE TEORICA,Jesica paola Rendon Alfonso,26,DIURNO,VIERNES,07:00,09:00,,,,,24/08/2026 - 12/12/2026
1000045-B,Inglés II - Semestral,2542 INGENIERÍA CIVIL,NIVELACIÓN,3,(4) Grupo 4,CLASE TEORICA,Adriana Marlen Sanchez Riaño,26,DIURNO,SÁBADO,07:00,11:00,,,,,24/08/2026 - 12/12/2026
1000045-B,Inglés II - Semestral,2542 INGENIERÍA CIVIL,NIVELACIÓN,3,(5) Grupo 5,CLASE TEORICA,Cesar Augusto Romero,26,DIURNO,LUNES,09:00,11:00,,,,,24/08/2026 - 12/12/2026
1000045-B,Inglés II - Semestral,2542 INGENIERÍA CIVIL,NIVELACIÓN,3,(5) Grupo 5,CLASE TEORICA,Cesar Augusto Romero,26,DIURNO,MIÉRCOLES,09:00,11:00,,,,,24/08/2026 - 12/12/2026
1000045-B,Inglés II - Semestral,2542 INGENIERÍA CIVIL,NIVELACIÓN,3,(6) Grupo 6,CLASE TEORICA,Sara Elisa Monsalve Patino,26,DIURNO,MARTES,09:00,11:00,,,,,24/08/2026 - 12/12/2026
1000045-B,Inglés II - Semestral,2542 INGENIERÍA CIVIL,NIVELACIÓN,3,(6) Grupo 6,CLASE TEORICA,Sara Elisa Monsalve Patino,26,DIURNO,JUEVES,09:00,11:00,,,,,24/08/2026 - 12/12/2026
1000045-B,Inglés II - Semestral,2542 INGENIERÍA CIVIL,NIVELACIÓN,3,(7) Grupo 7,CLASE TEORICA,Luis Gabriel Peña Ortiz,26,DIURNO,MIÉRCOLES,09:00,11:00,,,,,24/08/2026 - 12/12/2026
1000045-B,Inglés II - Semestral,2542 INGENIERÍA CIVIL,NIVELACIÓN,3,(7) Grupo 7,CLASE TEORICA,Luis Gabriel Peña Ortiz,26,DIURNO,VIERNES,09:00,11:00,,,,,24/08/2026 - 12/12/2026
1000045-B,Inglés II - Semestral,2542 INGENIERÍA CIVIL,NIVELACIÓN,3,(8) Grupo 8,CLASE TEORICA,Johnatan Martinez Hernandez,26,DIURNO,LUNES,11:00,13:00,,,,,24/08/2026 - 12/12/2026
1000045-B,Inglés II - Semestral,2542 INGENIERÍA CIVIL,NIVELACIÓN,3,(8) Grupo 8,CLASE TEORICA,Johnatan Martinez Hernandez,26,DIURNO,MIÉRCOLES,11:00,13:00,,,,,24/08/2026 - 12/12/2026
1000045-B,Inglés II - Semestral,2542 INGENIERÍA CIVIL,NIVELACIÓN,3,(9) Grupo 9,CLASE TEORICA,Maureen Elizabeth Hooker Oneill,15,DIURNO,MARTES,11:00,13:00,,,,,24/08/2026 - 12/12/2026
1000045-B,Inglés II - Semestral,2542 INGENIERÍA CIVIL,NIVELACIÓN,3,(9) Grupo 9,CLASE TEORICA,Maureen Elizabeth Hooker Oneill,15,DIURNO,JUEVES,11:00,13:00,,,,,24/08/2026 - 12/12/2026
1000045-B,Inglés II - Semestral,2542 INGENIERÍA CIVIL,NIVELACIÓN,3,(9) Grupo 9,CLASE TEORICA,Maureen Elizabeth Hooker Oneill,15,DIURNO,MIÉRCOLES,09:00,11:00,,,,,24/08/2026 - 12/12/2026
1000045-B,Inglés II - Semestral,2542 INGENIERÍA CIVIL,NIVELACIÓN,3,(9) Grupo 9,CLASE TEORICA,Maureen Elizabeth Hooker Oneill,15,DIURNO,VIERNES,09:00,11:00,,,,,24/08/2026 - 12/12/2026
1000045-B,Inglés II - Semestral,2542 INGENIERÍA CIVIL,NIVELACIÓN,3,(9) Grupo 9,CLASE TEORICA,Maureen Elizabeth Hooker Oneill,15,DIURNO,MARTES,17:00,19:00,,,,,24/08/2026 - 12/12/2026
1000045-B,Inglés II - Semestral,2542 INGENIERÍA CIVIL,NIVELACIÓN,3,(9) Grupo 9,CLASE TEORICA,Maureen Elizabeth Hooker Oneill,15,DIURNO,JUEVES,17:00,19:00,,,,,24/08/2026 - 12/12/2026
1000045-B,Inglés II - Semestral,2542 INGENIERÍA CIVIL,NIVELACIÓN,3,(9) Grupo 9,CLASE TEORICA,Maureen Elizabeth Hooker Oneill,15,DIURNO,MARTES,11:00,13:00,A-1A,AULAS MODULARES,SALON,AULA MODULAR 1A,24/08/2026 - 12/12/2026
1000045-B,Inglés II - Semestral,2542 INGENIERÍA CIVIL,NIVELACIÓN,3,(9) Grupo 9,CLASE TEORICA,Maureen Elizabeth Hooker Oneill,15,DIURNO,JUEVES,07:00,09:00,A-1A,AULAS MODULARES,SALON,AULA MODULAR 1A,24/08/2026 - 12/12/2026
1000045-B,Inglés II - Semestral,2542 INGENIERÍA CIVIL,NIVELACIÓN,3,(9) Grupo 9,CLASE TEORICA,Maureen Elizabeth Hooker Oneill,15,DIURNO,MIÉRCOLES,07:00,09:00,A-2B,AULAS MODULARES,SALON,AULA MODULAR 2B,24/08/2026 - 12/12/2026
1000045-B,Inglés II - Semestral,2542 INGENIERÍA CIVIL,NIVELACIÓN,3,(9) Grupo 9,CLASE TEORICA,Maureen Elizabeth Hooker Oneill,15,DIURNO,VIERNES,09:00,11:00,A-2B,AULAS MODULARES,SALON,AULA MODULAR 2B,24/08/2026 - 12/12/2026
1000045-B,Inglés II - Semestral,2542 INGENIERÍA CIVIL,NIVELACIÓN,3,(9) Grupo 9,CLASE TEORICA,Maureen Elizabeth Hooker Oneill,15,DIURNO,MARTES,17:00,19:00,,,,,24/08/2026 - 12/12/2026
1000045-B,Inglés II - Semestral,2542 INGENIERÍA CIVIL,NIVELACIÓN,3,(9) Grupo 9,CLASE TEORICA,Maureen Elizabeth Hooker Oneill,15,DIURNO,JUEVES,17:00,19:00,,,,,24/08/2026 - 12/12/2026
1000046-B,Inglés III - Semestral,2542 INGENIERÍA CIVIL,NIVELACIÓN,3,(1) Grupo 1,CLASE TEORICA,Johnatan Martinez Hernandez,26,DIURNO,LUNES,07:00,09:00,,,,,24/08/2026 - 12/12/2026
1000046-B,Inglés III - Semestral,2542 INGENIERÍA CIVIL,NIVELACIÓN,3,(1) Grupo 1,CLASE TEORICA,Johnatan Martinez Hernandez,26,DIURNO,MIÉRCOLES,07:00,09:00,,,,,24/08/2026 - 12/12/2026
1000046-B,Inglés III - Semestral,2542 INGENIERÍA CIVIL,NIVELACIÓN,3,(10) Grupo 10,CLASE TEORICA,Jennly Angelica Gomez Rodriguez,26,DIURNO,MIÉRCOLES,11:00,13:00,,,,,24/08/2026 - 12/12/2026
1000046-B,Inglés III - Semestral,2542 INGENIERÍA CIVIL,NIVELACIÓN,3,(10) Grupo 10,CLASE TEORICA,Jennly Angelica Gomez Rodriguez,26,DIURNO,VIERNES,11:00,13:00,,,,,24/08/2026 - 12/12/2026
1000046-B,Inglés III - Semestral,2542 INGENIERÍA CIVIL,NIVELACIÓN,3,(11) Grupo 11,CLASE TEORICA,Angelica Saenz Fonseca,26,DIURNO,LUNES,14:00,16:00,,,,,24/08/2026 - 12/12/2026
1000046-B,Inglés III - Semestral,2542 INGENIERÍA CIVIL,NIVELACIÓN,3,(11) Grupo 11,CLASE TEORICA,Angelica Saenz Fonseca,26,DIURNO,MIÉRCOLES,14:00,16:00,,,,,24/08/2026 - 12/12/2026
1000046-B,Inglés III - Semestral,2542 INGENIERÍA CIVIL,NIVELACIÓN,3,(12) Grupo 12,CLASE TEORICA,Liliana Marcela Guzman Aricapa,26,DIURNO,MARTES,14:00,16:00,,,,,24/08/2026 - 12/12/2026
1000046-B,Inglés III - Semestral,2542 INGENIERÍA CIVIL,NIVELACIÓN,3,(12) Grupo 12,CLASE TEORICA,Liliana Marcela Guzman Aricapa,26,DIURNO,JUEVES,14:00,16:00,,,,,24/08/2026 - 12/12/2026
1000046-B,Inglés III - Semestral,2542 INGENIERÍA CIVIL,NIVELACIÓN,3,(13) Grupo 13,CLASE TEORICA,ALBA LUCIA RIAÑO RODRIGUEZ,26,DIURNO,MIÉRCOLES,14:00,16:00,,,,,24/08/2026 - 12/12/2026
1000046-B,Inglés III - Semestral,2542 INGENIERÍA CIVIL,NIVELACIÓN,3,(13) Grupo 13,CLASE TEORICA,ALBA LUCIA RIAÑO RODRIGUEZ,26,DIURNO,VIERNES,14:00,16:00,,,,,24/08/2026 - 12/12/2026
1000046-B,Inglés III - Semestral,2542 INGENIERÍA CIVIL,NIVELACIÓN,3,(14) Grupo 14,CLASE TEORICA,Angelica Saenz Fonseca,26,DIURNO,JUEVES,14:00,16:00,,,,,24/08/2026 - 12/12/2026
1000046-B,Inglés III - Semestral,2542 INGENIERÍA CIVIL,NIVELACIÓN,3,(14) Grupo 14,CLASE TEORICA,Angelica Saenz Fonseca,26,DIURNO,VIERNES,14:00,16:00,,,,,24/08/2026 - 12/12/2026
1000046-B,Inglés III - Semestral,2542 INGENIERÍA CIVIL,NIVELACIÓN,3,(15) Grupo 15,CLASE TEORICA,Luis Gabriel Peña Ortiz,26,DIURNO,LUNES,16:00,18:00,,,,,24/10/2026 - 12/12/2026
1000046-B,Inglés III - Semestral,2542 INGENIERÍA CIVIL,NIVELACIÓN,3,(15) Grupo 15,CLASE TEORICA,Luis Gabriel Peña Ortiz,26,DIURNO,MIÉRCOLES,16:00,18:00,,,,,24/10/2026 - 12/12/2026
1000046-B,Inglés III - Semestral,2542 INGENIERÍA CIVIL,NIVELACIÓN,3,(16) Grupo 16,CLASE TEORICA,Olga Lucia Ruiz Convers,26,DIURNO,MARTES,16:00,18:00,,,,,24/08/2026 - 12/12/2026
1000046-B,Inglés III - Semestral,2542 INGENIERÍA CIVIL,NIVELACIÓN,3,(16) Grupo 16,CLASE TEORICA,Olga Lucia Ruiz Convers,26,DIURNO,JUEVES,16:00,18:00,,,,,24/08/2026 - 12/12/2026
1000046-B,Inglés III - Semestral,2542 INGENIERÍA CIVIL,NIVELACIÓN,3,(17) Grupo 17,CLASE TEORICA,Luis Gabriel Peña Ortiz,26,DIURNO,LUNES,18:00,20:00,,,,,24/08/2026 - 12/12/2026
1000046-B,Inglés III - Semestral,2542 INGENIERÍA CIVIL,NIVELACIÓN,3,(17) Grupo 17,CLASE TEORICA,Luis Gabriel Peña Ortiz,26,DIURNO,MIÉRCOLES,18:00,20:00,,,,,24/08/2026 - 12/12/2026
1000046-B,Inglés III - Semestral,2542 INGENIERÍA CIVIL,NIVELACIÓN,3,(18) Grupo 18,CLASE TEORICA,Narly Yadira Pardo Cadena,26,DIURNO,MARTES,18:00,20:00,,,,,24/08/2026 - 12/12/2026
1000046-B,Inglés III - Semestral,2542 INGENIERÍA CIVIL,NIVELACIÓN,3,(18) Grupo 18,CLASE TEORICA,Narly Yadira Pardo Cadena,26,DIURNO,JUEVES,18:00,20:00,,,,,24/08/2026 - 12/12/2026
1000046-B,Inglés III - Semestral,2542 INGENIERÍA CIVIL,NIVELACIÓN,3,(2) Grupo 2,CLASE TEORICA,Jesica paola Rendon Alfonso,26,DIURNO,MARTES,07:00,09:00,,,,,24/08/2026 - 12/12/2026
1000046-B,Inglés III - Semestral,2542 INGENIERÍA CIVIL,NIVELACIÓN,3,(2) Grupo 2,CLASE TEORICA,Jesica paola Rendon Alfonso,26,DIURNO,JUEVES,07:00,09:00,,,,,24/08/2026 - 12/12/2026
1000046-B,Inglés III - Semestral,2542 INGENIERÍA CIVIL,NIVELACIÓN,3,(3) Grupo 3,CLASE TEORICA,JESUS DAVID TORRES RODRIGUEZ,26,DIURNO,MIÉRCOLES,07:00,09:00,,,,,24/08/2026 - 12/12/2026
1000046-B,Inglés III - Semestral,2542 INGENIERÍA CIVIL,NIVELACIÓN,3,(3) Grupo 3,CLASE TEORICA,JESUS DAVID TORRES RODRIGUEZ,26,DIURNO,VIERNES,07:00,09:00,,,,,24/08/2026 - 12/12/2026
1000046-B,Inglés III - Semestral,2542 INGENIERÍA CIVIL,NIVELACIÓN,3,(4) Grupo 4,CLASE TEORICA,Claudia Patricia Cortes Lora,26,DIURNO,SÁBADO,07:00,11:00,,,,,24/08/2026 - 12/12/2026
1000046-B,Inglés III - Semestral,2542 INGENIERÍA CIVIL,NIVELACIÓN,3,(5) Grupo 5,CLASE TEORICA,Johnatan Martinez Hernandez,26,DIURNO,LUNES,09:00,11:00,,,,,24/08/2026 - 12/12/2026
1000046-B,Inglés III - Semestral,2542 INGENIERÍA CIVIL,NIVELACIÓN,3,(5) Grupo 5,CLASE TEORICA,Johnatan Martinez Hernandez,26,DIURNO,MIÉRCOLES,09:00,11:00,,,,,24/08/2026 - 12/12/2026
1000046-B,Inglés III - Semestral,2542 INGENIERÍA CIVIL,NIVELACIÓN,3,(6) Grupo 6,CLASE TEORICA,Johnatan Martinez Hernandez,26,DIURNO,MARTES,09:00,11:00,,,,,24/08/2026 - 12/12/2026
1000046-B,Inglés III - Semestral,2542 INGENIERÍA CIVIL,NIVELACIÓN,3,(6) Grupo 6,CLASE TEORICA,Johnatan Martinez Hernandez,26,DIURNO,JUEVES,09:00,11:00,,,,,24/08/2026 - 12/12/2026
1000046-B,Inglés III - Semestral,2542 INGENIERÍA CIVIL,NIVELACIÓN,3,(7) Grupo 7,CLASE TEORICA,Jesica paola Rendon Alfonso,26,DIURNO,MIÉRCOLES,09:00,11:00,,,,,24/08/2026 - 12/12/2026
1000046-B,Inglés III - Semestral,2542 INGENIERÍA CIVIL,NIVELACIÓN,3,(7) Grupo 7,CLASE TEORICA,Jesica paola Rendon Alfonso,26,DIURNO,VIERNES,09:00,11:00,,,,,24/08/2026 - 12/12/2026
1000046-B,Inglés III - Semestral,2542 INGENIERÍA CIVIL,NIVELACIÓN,3,(8) Grupo 8,CLASE TEORICA,Beatriz Elena Urrutia Sanchez,26,DIURNO,LUNES,11:00,13:00,,,,,24/08/2026 - 12/12/2026
1000046-B,Inglés III - Semestral,2542 INGENIERÍA CIVIL,NIVELACIÓN,3,(8) Grupo 8,CLASE TEORICA,Beatriz Elena Urrutia Sanchez,26,DIURNO,MIÉRCOLES,11:00,13:00,,,,,24/08/2026 - 12/12/2026
1000046-B,Inglés III - Semestral,2542 INGENIERÍA CIVIL,NIVELACIÓN,3,(9) Grupo 9,CLASE TEORICA,Maureen Elizabeth Hooker Oneill,10,DIURNO,MARTES,11:00,13:00,,,,,24/08/2026 - 12/12/2026
1000046-B,Inglés III - Semestral,2542 INGENIERÍA CIVIL,NIVELACIÓN,3,(9) Grupo 9,CLASE TEORICA,Maureen Elizabeth Hooker Oneill,10,DIURNO,JUEVES,11:00,13:00,,,,,24/08/2026 - 12/12/2026
1000046-B,Inglés III - Semestral,2542 INGENIERÍA CIVIL,NIVELACIÓN,3,(9) Grupo 9,CLASE TEORICA,Maureen Elizabeth Hooker Oneill,10,DIURNO,MIÉRCOLES,07:00,09:00,17,EDIFICIO AULAS DE CLASE,,TIC 5A,24/08/2026 - 12/12/2026
1000046-B,Inglés III - Semestral,2542 INGENIERÍA CIVIL,NIVELACIÓN,3,(9) Grupo 9,CLASE TEORICA,Maureen Elizabeth Hooker Oneill,10,DIURNO,VIERNES,07:00,09:00,17,EDIFICIO AULAS DE CLASE,,TIC 5A,24/08/2026 - 12/12/2026
1000046-B,Inglés III - Semestral,2542 INGENIERÍA CIVIL,NIVELACIÓN,3,(9) Grupo 9,CLASE TEORICA,Maureen Elizabeth Hooker Oneill,10,DIURNO,MARTES,18:00,20:00,,,,,24/08/2026 - 12/12/2026
1000046-B,Inglés III - Semestral,2542 INGENIERÍA CIVIL,NIVELACIÓN,3,(9) Grupo 9,CLASE TEORICA,Maureen Elizabeth Hooker Oneill,10,DIURNO,JUEVES,18:00,20:00,,,,,24/08/2026 - 12/12/2026
1000046-B,Inglés III - Semestral,2542 INGENIERÍA CIVIL,NIVELACIÓN,3,(9) Grupo 9,CLASE TEORICA,Maureen Elizabeth Hooker Oneill,10,DIURNO,MIÉRCOLES,17:00,19:00,,,,,24/08/2026 - 12/12/2026
1000046-B,Inglés III - Semestral,2542 INGENIERÍA CIVIL,NIVELACIÓN,3,(9) Grupo 9,CLASE TEORICA,Maureen Elizabeth Hooker Oneill,10,DIURNO,VIERNES,17:00,19:00,,,,,24/08/2026 - 12/12/2026
1000052-B,Inglés Intensivo I y II,2542 INGENIERÍA CIVIL,NIVELACIÓN,6,(1) Grupo 1,CLASE TEORICA,Liliana Marcela Guzman Aricapa,28,DIURNO,LUNES,11:00,13:00,,,,,24/08/2026 - 12/12/2026
1000052-B,Inglés Intensivo I y II,2542 INGENIERÍA CIVIL,NIVELACIÓN,6,(1) Grupo 1,CLASE TEORICA,Liliana Marcela Guzman Aricapa,28,DIURNO,MARTES,11:00,13:00,,,,,24/08/2026 - 12/12/2026
1000052-B,Inglés Intensivo I y II,2542 INGENIERÍA CIVIL,NIVELACIÓN,6,(1) Grupo 1,CLASE TEORICA,Liliana Marcela Guzman Aricapa,28,DIURNO,MIÉRCOLES,11:00,13:00,,,,,24/08/2026 - 12/12/2026
1000052-B,Inglés Intensivo I y II,2542 INGENIERÍA CIVIL,NIVELACIÓN,6,(1) Grupo 1,CLASE TEORICA,Liliana Marcela Guzman Aricapa,28,DIURNO,JUEVES,11:00,13:00,,,,,24/08/2026 - 12/12/2026
1000052-B,Inglés Intensivo I y II,2542 INGENIERÍA CIVIL,NIVELACIÓN,6,(2) Grupo 2,CLASE TEORICA,JOSE JONATHAN MAESTRE HERRERA,28,DIURNO,LUNES,16:00,18:00,,,,,24/08/2026 - 12/12/2026
1000052-B,Inglés Intensivo I y II,2542 INGENIERÍA CIVIL,NIVELACIÓN,6,(2) Grupo 2,CLASE TEORICA,JOSE JONATHAN MAESTRE HERRERA,28,DIURNO,MARTES,16:00,18:00,,,,,24/08/2026 - 12/12/2026
1000052-B,Inglés Intensivo I y II,2542 INGENIERÍA CIVIL,NIVELACIÓN,6,(2) Grupo 2,CLASE TEORICA,JOSE JONATHAN MAESTRE HERRERA,28,DIURNO,MIÉRCOLES,16:00,18:00,,,,,24/08/2026 - 12/12/2026
1000052-B,Inglés Intensivo I y II,2542 INGENIERÍA CIVIL,NIVELACIÓN,6,(2) Grupo 2,CLASE TEORICA,JOSE JONATHAN MAESTRE HERRERA,28,DIURNO,JUEVES,16:00,18:00,,,,,24/08/2026 - 12/12/2026
1000052-B,Inglés Intensivo I y II,2542 INGENIERÍA CIVIL,NIVELACIÓN,6,(3) Grupo 3,CLASE TEORICA,Aida Elena Monsalve Solorzano,28,DIURNO,LUNES,18:00,20:00,,,,,24/08/2026 - 12/12/2026
1000052-B,Inglés Intensivo I y II,2542 INGENIERÍA CIVIL,NIVELACIÓN,6,(3) Grupo 3,CLASE TEORICA,Aida Elena Monsalve Solorzano,28,DIURNO,MARTES,18:00,20:00,,,,,24/08/2026 - 12/12/2026
1000052-B,Inglés Intensivo I y II,2542 INGENIERÍA CIVIL,NIVELACIÓN,6,(3) Grupo 3,CLASE TEORICA,Aida Elena Monsalve Solorzano,28,DIURNO,MIÉRCOLES,18:00,20:00,,,,,24/08/2026 - 12/12/2026
1000052-B,Inglés Intensivo I y II,2542 INGENIERÍA CIVIL,NIVELACIÓN,6,(3) Grupo 3,CLASE TEORICA,Aida Elena Monsalve Solorzano,28,DIURNO,JUEVES,18:00,20:00,,,,,24/08/2026 - 12/12/2026
1000053-B,Inglés Intensivo III y IV,2542 INGENIERÍA CIVIL,NIVELACIÓN,6,(1) Grupo 1,CLASE TEORICA,Jennly Angelica Gomez Rodriguez,28,DIURNO,LUNES,07:00,09:00,,,,,24/08/2026 - 12/12/2026
1000053-B,Inglés Intensivo III y IV,2542 INGENIERÍA CIVIL,NIVELACIÓN,6,(1) Grupo 1,CLASE TEORICA,Jennly Angelica Gomez Rodriguez,28,DIURNO,MARTES,07:00,09:00,,,,,24/08/2026 - 12/12/2026
1000053-B,Inglés Intensivo III y IV,2542 INGENIERÍA CIVIL,NIVELACIÓN,6,(1) Grupo 1,CLASE TEORICA,Jennly Angelica Gomez Rodriguez,28,DIURNO,MIÉRCOLES,07:00,09:00,,,,,24/08/2026 - 12/12/2026
1000053-B,Inglés Intensivo III y IV,2542 INGENIERÍA CIVIL,NIVELACIÓN,6,(1) Grupo 1,CLASE TEORICA,Jennly Angelica Gomez Rodriguez,28,DIURNO,JUEVES,07:00,09:00,,,,,24/08/2026 - 12/12/2026
1000053-B,Inglés Intensivo III y IV,2542 INGENIERÍA CIVIL,NIVELACIÓN,6,(2) Grupo 2,CLASE TEORICA,Yaneli Niño Osorio,28,DIURNO,LUNES,09:00,11:00,,,,,24/08/2026 - 12/12/2026
1000053-B,Inglés Intensivo III y IV,2542 INGENIERÍA CIVIL,NIVELACIÓN,6,(2) Grupo 2,CLASE TEORICA,Yaneli Niño Osorio,28,DIURNO,MARTES,09:00,11:00,,,,,24/08/2026 - 12/12/2026
1000053-B,Inglés Intensivo III y IV,2542 INGENIERÍA CIVIL,NIVELACIÓN,6,(2) Grupo 2,CLASE TEORICA,Yaneli Niño Osorio,28,DIURNO,MIÉRCOLES,09:00,11:00,,,,,24/08/2026 - 12/12/2026
1000053-B,Inglés Intensivo III y IV,2542 INGENIERÍA CIVIL,NIVELACIÓN,6,(2) Grupo 2,CLASE TEORICA,Yaneli Niño Osorio,28,DIURNO,JUEVES,09:00,11:00,,,,,24/08/2026 - 12/12/2026
1000053-B,Inglés Intensivo III y IV,2542 INGENIERÍA CIVIL,NIVELACIÓN,6,(3) Grupo 3,CLASE TEORICA,Javier Rodriguez Gomez,30,DIURNO,LUNES,11:00,13:00,,,,,24/08/2026 - 12/12/2026
1000053-B,Inglés Intensivo III y IV,2542 INGENIERÍA CIVIL,NIVELACIÓN,6,(3) Grupo 3,CLASE TEORICA,Javier Rodriguez Gomez,30,DIURNO,MARTES,11:00,13:00,,,,,24/08/2026 - 12/12/2026
1000053-B,Inglés Intensivo III y IV,2542 INGENIERÍA CIVIL,NIVELACIÓN,6,(3) Grupo 3,CLASE TEORICA,Javier Rodriguez Gomez,30,DIURNO,MIÉRCOLES,11:00,13:00,,,,,24/08/2026 - 12/12/2026
1000053-B,Inglés Intensivo III y IV,2542 INGENIERÍA CIVIL,NIVELACIÓN,6,(3) Grupo 3,CLASE TEORICA,Javier Rodriguez Gomez,30,DIURNO,JUEVES,11:00,13:00,,,,,24/08/2026 - 12/12/2026
1000053-B,Inglés Intensivo III y IV,2542 INGENIERÍA CIVIL,NIVELACIÓN,6,(4) Grupo 4,CLASE TEORICA,Javier Rodriguez Gomez,30,DIURNO,LUNES,14:00,16:00,,,,,24/08/2026 - 12/12/2026
1000053-B,Inglés Intensivo III y IV,2542 INGENIERÍA CIVIL,NIVELACIÓN,6,(4) Grupo 4,CLASE TEORICA,Javier Rodriguez Gomez,30,DIURNO,MARTES,14:00,16:00,,,,,24/08/2026 - 12/12/2026
1000053-B,Inglés Intensivo III y IV,2542 INGENIERÍA CIVIL,NIVELACIÓN,6,(4) Grupo 4,CLASE TEORICA,Javier Rodriguez Gomez,30,DIURNO,MIÉRCOLES,14:00,16:00,,,,,24/08/2026 - 12/12/2026
1000053-B,Inglés Intensivo III y IV,2542 INGENIERÍA CIVIL,NIVELACIÓN,6,(4) Grupo 4,CLASE TEORICA,Javier Rodriguez Gomez,30,DIURNO,JUEVES,14:00,16:00,,,,,24/08/2026 - 12/12/2026
1000053-B,Inglés Intensivo III y IV,2542 INGENIERÍA CIVIL,NIVELACIÓN,6,(5) Grupo 5,CLASE TEORICA,LINDA JOHANA RUIZ GOMEZ,28,DIURNO,LUNES,16:00,18:00,,,,,24/08/2026 - 12/12/2026
1000053-B,Inglés Intensivo III y IV,2542 INGENIERÍA CIVIL,NIVELACIÓN,6,(5) Grupo 5,CLASE TEORICA,LINDA JOHANA RUIZ GOMEZ,28,DIURNO,MARTES,16:00,18:00,,,,,24/08/2026 - 12/12/2026
1000053-B,Inglés Intensivo III y IV,2542 INGENIERÍA CIVIL,NIVELACIÓN,6,(5) Grupo 5,CLASE TEORICA,LINDA JOHANA RUIZ GOMEZ,28,DIURNO,MIÉRCOLES,16:00,18:00,,,,,24/08/2026 - 12/12/2026
1000053-B,Inglés Intensivo III y IV,2542 INGENIERÍA CIVIL,NIVELACIÓN,6,(5) Grupo 5,CLASE TEORICA,LINDA JOHANA RUIZ GOMEZ,28,DIURNO,JUEVES,16:00,18:00,,,,,24/08/2026 - 12/12/2026
1000053-B,Inglés Intensivo III y IV,2542 INGENIERÍA CIVIL,NIVELACIÓN,6,(6) Grupo 6,CLASE TEORICA,Olga Lucia Ruiz Convers,28,DIURNO,LUNES,18:00,20:00,,,,,24/08/2026 - 12/12/2026
1000053-B,Inglés Intensivo III y IV,2542 INGENIERÍA CIVIL,NIVELACIÓN,6,(6) Grupo 6,CLASE TEORICA,Olga Lucia Ruiz Convers,28,DIURNO,MARTES,18:00,20:00,,,,,24/08/2026 - 12/12/2026
1000053-B,Inglés Intensivo III y IV,2542 INGENIERÍA CIVIL,NIVELACIÓN,6,(6) Grupo 6,CLASE TEORICA,Olga Lucia Ruiz Convers,28,DIURNO,MIÉRCOLES,18:00,20:00,,,,,24/08/2026 - 12/12/2026
1000053-B,Inglés Intensivo III y IV,2542 INGENIERÍA CIVIL,NIVELACIÓN,6,(6) Grupo 6,CLASE TEORICA,Olga Lucia Ruiz Convers,28,DIURNO,JUEVES,18:00,20:00,,,,,24/08/2026 - 12/12/2026
1000047-B,Inglés IV- Semestral,2542 INGENIERÍA CIVIL,NIVELACIÓN,3,(1) Grupo 1,CLASE TEORICA,Cesar Augusto Romero,26,DIURNO,LUNES,07:00,09:00,,,,,24/08/2026 - 12/12/2026
1000047-B,Inglés IV- Semestral,2542 INGENIERÍA CIVIL,NIVELACIÓN,3,(1) Grupo 1,CLASE TEORICA,Cesar Augusto Romero,26,DIURNO,MIÉRCOLES,07:00,09:00,,,,,24/08/2026 - 12/12/2026
1000047-B,Inglés IV- Semestral,2542 INGENIERÍA CIVIL,NIVELACIÓN,3,(10) Grupo 10,CLASE TEORICA,Monica Alexandra Riaño Orjuela,26,DIURNO,MARTES,11:00,13:00,,,,,24/08/2026 - 12/12/2026
1000047-B,Inglés IV- Semestral,2542 INGENIERÍA CIVIL,NIVELACIÓN,3,(10) Grupo 10,CLASE TEORICA,Monica Alexandra Riaño Orjuela,26,DIURNO,JUEVES,11:00,13:00,,,,,24/08/2026 - 12/12/2026
1000047-B,Inglés IV- Semestral,2542 INGENIERÍA CIVIL,NIVELACIÓN,3,(11) Grupo 11,CLASE TEORICA,Jennly Angelica Gomez Rodriguez,26,DIURNO,MARTES,11:00,13:00,,,,,24/08/2026 - 12/12/2026
1000047-B,Inglés IV- Semestral,2542 INGENIERÍA CIVIL,NIVELACIÓN,3,(11) Grupo 11,CLASE TEORICA,Jennly Angelica Gomez Rodriguez,26,DIURNO,JUEVES,11:00,13:00,,,,,24/08/2026 - 12/12/2026
1000047-B,Inglés IV- Semestral,2542 INGENIERÍA CIVIL,NIVELACIÓN,3,(12) Grupo 12,CLASE TEORICA,Claudia Patricia Cortes Lora,26,DIURNO,MIÉRCOLES,11:00,13:00,,,,,24/08/2026 - 12/12/2026
1000047-B,Inglés IV- Semestral,2542 INGENIERÍA CIVIL,NIVELACIÓN,3,(12) Grupo 12,CLASE TEORICA,Claudia Patricia Cortes Lora,26,DIURNO,VIERNES,11:00,13:00,,,,,24/08/2026 - 12/12/2026
1000047-B,Inglés IV- Semestral,2542 INGENIERÍA CIVIL,NIVELACIÓN,3,(13) Grupo 13,CLASE TEORICA,Angelica Saenz Fonseca,26,DIURNO,MIÉRCOLES,11:00,13:00,,,,,24/08/2026 - 12/12/2026
1000047-B,Inglés IV- Semestral,2542 INGENIERÍA CIVIL,NIVELACIÓN,3,(13) Grupo 13,CLASE TEORICA,Angelica Saenz Fonseca,26,DIURNO,VIERNES,11:00,13:00,,,,,24/08/2026 - 12/12/2026
1000047-B,Inglés IV- Semestral,2542 INGENIERÍA CIVIL,NIVELACIÓN,3,(14) Grupo 14,CLASE TEORICA,LINDA JOHANA RUIZ GOMEZ,26,DIURNO,LUNES,14:00,16:00,,,,,24/08/2026 - 12/12/2026
1000047-B,Inglés IV- Semestral,2542 INGENIERÍA CIVIL,NIVELACIÓN,3,(14) Grupo 14,CLASE TEORICA,LINDA JOHANA RUIZ GOMEZ,26,DIURNO,MIÉRCOLES,14:00,16:00,,,,,24/08/2026 - 12/12/2026
1000047-B,Inglés IV- Semestral,2542 INGENIERÍA CIVIL,NIVELACIÓN,3,(15) Grupo 15,CLASE TEORICA,Claudia Patricia Cortes Lora,26,DIURNO,MARTES,14:00,16:00,,,,,24/08/2026 - 12/12/2026
1000047-B,Inglés IV- Semestral,2542 INGENIERÍA CIVIL,NIVELACIÓN,3,(15) Grupo 15,CLASE TEORICA,Claudia Patricia Cortes Lora,26,DIURNO,JUEVES,14:00,16:00,,,,,24/08/2026 - 12/12/2026
1000047-B,Inglés IV- Semestral,2542 INGENIERÍA CIVIL,NIVELACIÓN,3,(16) Grupo 16,CLASE TEORICA,Narly Yadira Pardo Cadena,26,DIURNO,MIÉRCOLES,14:00,16:00,,,,,24/08/2026 - 12/12/2026
1000047-B,Inglés IV- Semestral,2542 INGENIERÍA CIVIL,NIVELACIÓN,3,(16) Grupo 16,CLASE TEORICA,Narly Yadira Pardo Cadena,26,DIURNO,VIERNES,14:00,16:00,,,,,24/08/2026 - 12/12/2026
1000047-B,Inglés IV- Semestral,2542 INGENIERÍA CIVIL,NIVELACIÓN,3,(17) Grupo 17,CLASE TEORICA,Angelica Saenz Fonseca,26,DIURNO,LUNES,16:00,18:00,,,,,24/08/2026 - 12/12/2026
1000047-B,Inglés IV- Semestral,2542 INGENIERÍA CIVIL,NIVELACIÓN,3,(17) Grupo 17,CLASE TEORICA,Angelica Saenz Fonseca,26,DIURNO,MIÉRCOLES,16:00,18:00,,,,,24/08/2026 - 12/12/2026
1000047-B,Inglés IV- Semestral,2542 INGENIERÍA CIVIL,NIVELACIÓN,3,(18) Grupo 18,CLASE TEORICA,ALBA LUCIA RIAÑO RODRIGUEZ,26,DIURNO,LUNES,16:00,18:00,,,,,24/08/2026 - 12/12/2026
1000047-B,Inglés IV- Semestral,2542 INGENIERÍA CIVIL,NIVELACIÓN,3,(18) Grupo 18,CLASE TEORICA,ALBA LUCIA RIAÑO RODRIGUEZ,26,DIURNO,MIÉRCOLES,16:00,18:00,,,,,24/08/2026 - 12/12/2026
1000047-B,Inglés IV- Semestral,2542 INGENIERÍA CIVIL,NIVELACIÓN,3,(19) Grupo 19,CLASE TEORICA,Aida Elena Monsalve Solorzano,26,DIURNO,MARTES,16:00,18:00,,,,,24/08/2026 - 12/12/2026
1000047-B,Inglés IV- Semestral,2542 INGENIERÍA CIVIL,NIVELACIÓN,3,(19) Grupo 19,CLASE TEORICA,Aida Elena Monsalve Solorzano,26,DIURNO,JUEVES,16:00,18:00,,,,,24/08/2026 - 12/12/2026
1000047-B,Inglés IV- Semestral,2542 INGENIERÍA CIVIL,NIVELACIÓN,3,(2) Grupo 2,CLASE TEORICA,Yaneli Niño Osorio,26,DIURNO,MARTES,07:00,09:00,,,,,24/08/2026 - 12/12/2026
1000047-B,Inglés IV- Semestral,2542 INGENIERÍA CIVIL,NIVELACIÓN,3,(2) Grupo 2,CLASE TEORICA,Yaneli Niño Osorio,26,DIURNO,JUEVES,07:00,09:00,,,,,24/08/2026 - 12/12/2026
1000047-B,Inglés IV- Semestral,2542 INGENIERÍA CIVIL,NIVELACIÓN,3,(20) Grupo 20,CLASE TEORICA,ALBA LUCIA RIAÑO RODRIGUEZ,26,DIURNO,MARTES,16:00,18:00,,,,,24/08/2026 - 12/12/2026
1000047-B,Inglés IV- Semestral,2542 INGENIERÍA CIVIL,NIVELACIÓN,3,(20) Grupo 20,CLASE TEORICA,ALBA LUCIA RIAÑO RODRIGUEZ,26,DIURNO,JUEVES,16:00,18:00,,,,,24/08/2026 - 12/12/2026
1000047-B,Inglés IV- Semestral,2542 INGENIERÍA CIVIL,NIVELACIÓN,3,(21) Grupo 21,CLASE TEORICA,Edwin Yesid Leon Silva,26,DIURNO,LUNES,18:00,20:00,,,,,24/08/2026 - 12/12/2026
1000047-B,Inglés IV- Semestral,2542 INGENIERÍA CIVIL,NIVELACIÓN,3,(21) Grupo 21,CLASE TEORICA,Edwin Yesid Leon Silva,26,DIURNO,MIÉRCOLES,18:00,20:00,,,,,24/08/2026 - 12/12/2026
1000047-B,Inglés IV- Semestral,2542 INGENIERÍA CIVIL,NIVELACIÓN,3,(22) Grupo 22,CLASE TEORICA,LINDA JOHANA RUIZ GOMEZ,26,DIURNO,MARTES,18:00,20:00,,,,,24/08/2026 - 12/12/2026
1000047-B,Inglés IV- Semestral,2542 INGENIERÍA CIVIL,NIVELACIÓN,3,(22) Grupo 22,CLASE TEORICA,LINDA JOHANA RUIZ GOMEZ,26,DIURNO,JUEVES,18:00,20:00,,,,,24/08/2026 - 12/12/2026
1000047-B,Inglés IV- Semestral,2542 INGENIERÍA CIVIL,NIVELACIÓN,3,(3) Grupo 3,CLASE TEORICA,Monica Alexandra Riaño Orjuela,26,DIURNO,MARTES,07:00,09:00,,,,,24/08/2026 - 12/12/2026
1000047-B,Inglés IV- Semestral,2542 INGENIERÍA CIVIL,NIVELACIÓN,3,(3) Grupo 3,CLASE TEORICA,Monica Alexandra Riaño Orjuela,26,DIURNO,JUEVES,07:00,09:00,,,,,24/08/2026 - 12/12/2026
1000047-B,Inglés IV- Semestral,2542 INGENIERÍA CIVIL,NIVELACIÓN,3,(4) Grupo 4,CLASE TEORICA,Claudia Patricia Cortes Lora,26,DIURNO,MIÉRCOLES,07:00,09:00,,,,,24/08/2026 - 12/12/2026
1000047-B,Inglés IV- Semestral,2542 INGENIERÍA CIVIL,NIVELACIÓN,3,(4) Grupo 4,CLASE TEORICA,Claudia Patricia Cortes Lora,26,DIURNO,VIERNES,07:00,09:00,,,,,24/08/2026 - 12/12/2026
1000047-B,Inglés IV- Semestral,2542 INGENIERÍA CIVIL,NIVELACIÓN,3,(5) Grupo 5,CLASE TEORICA,Olga Lucia Ruiz Convers,26,DIURNO,SÁBADO,07:00,11:00,,,,,24/08/2026 - 12/12/2026
1000047-B,Inglés IV- Semestral,2542 INGENIERÍA CIVIL,NIVELACIÓN,3,(6) Grupo 6,CLASE TEORICA,Monica Alexandra Riaño Orjuela,26,DIURNO,LUNES,09:00,11:00,,,,,24/08/2026 - 12/12/2026
1000047-B,Inglés IV- Semestral,2542 INGENIERÍA CIVIL,NIVELACIÓN,3,(6) Grupo 6,CLASE TEORICA,Monica Alexandra Riaño Orjuela,26,DIURNO,MIÉRCOLES,09:00,11:00,,,,,24/08/2026 - 12/12/2026
1000047-B,Inglés IV- Semestral,2542 INGENIERÍA CIVIL,NIVELACIÓN,3,(7) Grupo 7,CLASE TEORICA,Cesar Augusto Romero,26,DIURNO,MARTES,09:00,11:00,,,,,24/08/2026 - 12/12/2026
1000047-B,Inglés IV- Semestral,2542 INGENIERÍA CIVIL,NIVELACIÓN,3,(7) Grupo 7,CLASE TEORICA,Cesar Augusto Romero,26,DIURNO,JUEVES,09:00,11:00,,,,,24/08/2026 - 12/12/2026
1000047-B,Inglés IV- Semestral,2542 INGENIERÍA CIVIL,NIVELACIÓN,3,(8) Grupo 8,CLASE TEORICA,Beatriz Elena Urrutia Sanchez,26,DIURNO,MIÉRCOLES,09:00,11:00,,,,,24/08/2026 - 12/12/2026
1000047-B,Inglés IV- Semestral,2542 INGENIERÍA CIVIL,NIVELACIÓN,3,(8) Grupo 8,CLASE TEORICA,Beatriz Elena Urrutia Sanchez,26,DIURNO,VIERNES,09:00,11:00,,,,,24/08/2026 - 12/12/2026
1000047-B,Inglés IV- Semestral,2542 INGENIERÍA CIVIL,NIVELACIÓN,3,(9) Grupo 9,CLASE TEORICA,Keshia Hilary Howard Livingston,15,DIURNO,LUNES,11:00,13:00,,,,,24/08/2026 - 12/12/2026
1000047-B,Inglés IV- Semestral,2542 INGENIERÍA CIVIL,NIVELACIÓN,3,(9) Grupo 9,CLASE TEORICA,Keshia Hilary Howard Livingston,15,DIURNO,MIÉRCOLES,11:00,13:00,,,,,24/08/2026 - 12/12/2026
1000047-B,Inglés IV- Semestral,2542 INGENIERÍA CIVIL,NIVELACIÓN,3,(9) Grupo 9,CLASE TEORICA,Keshia Hilary Howard Livingston,15,DIURNO,LUNES,09:00,11:00,17,EDIFICIO AULAS DE CLASE,,TIC 5A,24/08/2026 - 12/12/2026
1000047-B,Inglés IV- Semestral,2542 INGENIERÍA CIVIL,NIVELACIÓN,3,(9) Grupo 9,CLASE TEORICA,Keshia Hilary Howard Livingston,15,DIURNO,VIERNES,09:00,11:00,17,EDIFICIO AULAS DE CLASE,,TIC 5A,24/08/2026 - 12/12/2026
1000047-B,Inglés IV- Semestral,2542 INGENIERÍA CIVIL,NIVELACIÓN,3,(9) Grupo 9,CLASE TEORICA,Keshia Hilary Howard Livingston,15,DIURNO,MIÉRCOLES,17:00,19:00,299,EDIFICIO PRINCIPAL SEDE CARIBE,,AULA MULTIPLE,24/08/2026 - 12/12/2026
1000047-B,Inglés IV- Semestral,2542 INGENIERÍA CIVIL,NIVELACIÓN,3,(9) Grupo 9,CLASE TEORICA,Keshia Hilary Howard Livingston,15,DIURNO,VIERNES,17:00,19:00,299,EDIFICIO PRINCIPAL SEDE CARIBE,,AULA MULTIPLE,24/08/2026 - 12/12/2026
1000047-B,Inglés IV- Semestral,2542 INGENIERÍA CIVIL,NIVELACIÓN,3,(9) Grupo 9,CLASE TEORICA,Keshia Hilary Howard Livingston,15,DIURNO,MARTES,18:00,20:00,,,,,24/08/2026 - 12/12/2026
1000047-B,Inglés IV- Semestral,2542 INGENIERÍA CIVIL,NIVELACIÓN,3,(9) Grupo 9,CLASE TEORICA,Keshia Hilary Howard Livingston,15,DIURNO,JUEVES,18:00,20:00,,,,,24/08/2026 - 12/12/2026
1000047-B,Inglés IV- Semestral,2542 INGENIERÍA CIVIL,NIVELACIÓN,3,(9) Grupo 9,CLASE TEORICA,Keshia Hilary Howard Livingston,15,DIURNO,LUNES,11:00,13:00,A-3A,AULAS MODULARES,SALON,AULA MODULAR 3A,24/08/2026 - 12/12/2026
1000047-B,Inglés IV- Semestral,2542 INGENIERÍA CIVIL,NIVELACIÓN,3,(9) Grupo 9,CLASE TEORICA,Keshia Hilary Howard Livingston,15,DIURNO,VIERNES,14:00,16:00,A-3A,AULAS MODULARES,SALON,AULA MODULAR 3A,24/08/2026 - 12/12/2026
1000047-B,Inglés IV- Semestral,2542 INGENIERÍA CIVIL,NIVELACIÓN,3,(9) Grupo 9,CLASE TEORICA,Keshia Hilary Howard Livingston,15,DIURNO,MIÉRCOLES,17:00,19:00,299,EDIFICIO PRINCIPAL SEDE CARIBE,,AULA MULTIPLE,24/08/2026 - 12/12/2026
1000047-B,Inglés IV- Semestral,2542 INGENIERÍA CIVIL,NIVELACIÓN,3,(9) Grupo 9,CLASE TEORICA,Keshia Hilary Howard Livingston,15,DIURNO,VIERNES,17:00,19:00,299,EDIFICIO PRINCIPAL SEDE CARIBE,,AULA MULTIPLE,24/08/2026 - 12/12/2026
1000002-B,Lecto-Escritura,2542 INGENIERÍA CIVIL,NIVELACIÓN,4,(1) Grupo 1 - Clase Presencial,CLASE TEORICA,Ruth Andrea Cortés Suárez,1,DIURNO,LUNES,07:00,09:00,404-200B,404 - Yu Takeuchi,SALON,SALON DE CLASE DEPARTAMENTO DE ESTADISTICA,27/08/2026 - 16/12/2026
1000002-B,Lecto-Escritura,2542 INGENIERÍA CIVIL,NIVELACIÓN,4,(1) Grupo 1 - Clase Presencial,CLASE TEORICA,Ruth Andrea Cortés Suárez,1,DIURNO,MIÉRCOLES,07:00,09:00,404-206,404 - Yu Takeuchi,SALON,SALON DE CLASE-ESTADISTICA,27/08/2026 - 16/12/2026
1000002-B,Lecto-Escritura,2542 INGENIERÍA CIVIL,NIVELACIÓN,4,(1) Grupo 1 - Clase Presencial,CLASE TEORICA,Ruth Andrea Cortés Suárez,1,DIURNO,VIERNES,07:00,09:00,224-222,224 - Manuel Ancizar,SALON,SALON DE CLASE - GEOCIENCIAS,27/08/2026 - 16/12/2026
1000002-B,Lecto-Escritura,2542 INGENIERÍA CIVIL,NIVELACIÓN,4,(10) Grupo 10 - Clase presencial,CLASE TEORICA,Karen Johanna Castelblanco Villamil,0,DIURNO,MARTES,11:00,13:00,228-201,228 - Nelly Garzón Alarcón,SALON,SALON DE CLASE 201,27/08/2026 - 16/12/2026
1000002-B,Lecto-Escritura,2542 INGENIERÍA CIVIL,NIVELACIÓN,4,(10) Grupo 10 - Clase presencial,CLASE TEORICA,Karen Johanna Castelblanco Villamil,0,DIURNO,MIÉRCOLES,11:00,13:00,404-204,404 - Yu Takeuchi,SALON,SALON DE CLASE-FISICA - SF - AULA TIC,27/08/2026 - 16/12/2026
1000002-B,Lecto-Escritura,2542 INGENIERÍA CIVIL,NIVELACIÓN,4,(10) Grupo 10 - Clase presencial,CLASE TEORICA,Karen Johanna Castelblanco Villamil,0,DIURNO,SÁBADO,09:00,11:00,224-222,224 - Manuel Ancizar,SALON,SALON DE CLASE - GEOCIENCIAS,27/08/2026 - 16/12/2026
1000002-B,Lecto-Escritura,2542 INGENIERÍA CIVIL,NIVELACIÓN,4,(2) Grupo 2 - Clase Presencial,CLASE TEORICA,Ruth Andrea Cortés Suárez,0,DIURNO,MARTES,07:00,09:00,405-215,405 - Posgrados Matemáticas y Física,SALON,SALON TEORICO DE FISICA RODOLFO ALEXANDER DIAZ SANCHEZ,27/08/2026 - 16/12/2026
1000002-B,Lecto-Escritura,2542 INGENIERÍA CIVIL,NIVELACIÓN,4,(2) Grupo 2 - Clase Presencial,CLASE TEORICA,Ruth Andrea Cortés Suárez,0,DIURNO,JUEVES,07:00,09:00,405-216,405 - Posgrados Matemáticas y Física,SALON,SALON DE CLASE-FISICA,27/08/2026 - 16/12/2026
1000002-B,Lecto-Escritura,2542 INGENIERÍA CIVIL,NIVELACIÓN,4,(2) Grupo 2 - Clase Presencial,CLASE TEORICA,Ruth Andrea Cortés Suárez,0,DIURNO,SÁBADO,07:00,09:00,404-206,404 - Yu Takeuchi,SALON,SALON DE CLASE-ESTADISTICA,27/08/2026 - 16/12/2026
1000002-B,Lecto-Escritura,2542 INGENIERÍA CIVIL,NIVELACIÓN,4,(3) Grupo 3 - Clase Presencial,CLASE TEORICA,Adriana Patricia Díaz Cuevas,0,DIURNO,MARTES,09:00,11:00,404-206,404 - Yu Takeuchi,SALON,SALON DE CLASE-ESTADISTICA,27/08/2026 - 16/12/2026
1000002-B,Lecto-Escritura,2542 INGENIERÍA CIVIL,NIVELACIÓN,4,(3) Grupo 3 - Clase Presencial,CLASE TEORICA,Adriana Patricia Díaz Cuevas,0,DIURNO,JUEVES,09:00,11:00,404-206,404 - Yu Takeuchi,SALON,SALON DE CLASE-ESTADISTICA,27/08/2026 - 16/12/2026
1000002-B,Lecto-Escritura,2542 INGENIERÍA CIVIL,NIVELACIÓN,4,(3) Grupo 3 - Clase Presencial,CLASE TEORICA,Adriana Patricia Díaz Cuevas,0,DIURNO,VIERNES,09:00,11:00,404-214,404 - Yu Takeuchi,SALON,SALON DE CLASE-FISICA - SF - AULA TIC,27/08/2026 - 16/12/2026
1000002-B,Lecto-Escritura,2542 INGENIERÍA CIVIL,NIVELACIÓN,4,(4) Grupo 4 - Clase Presencial,CLASE TEORICA,Adriana Patricia Díaz Cuevas,0,DIURNO,LUNES,09:00,11:00,404-206,404 - Yu Takeuchi,SALON,SALON DE CLASE-ESTADISTICA,27/08/2026 - 16/12/2026
1000002-B,Lecto-Escritura,2542 INGENIERÍA CIVIL,NIVELACIÓN,4,(4) Grupo 4 - Clase Presencial,CLASE TEORICA,Adriana Patricia Díaz Cuevas,0,DIURNO,MIÉRCOLES,09:00,11:00,404-206,404 - Yu Takeuchi,SALON,SALON DE CLASE-ESTADISTICA,27/08/2026 - 16/12/2026
1000002-B,Lecto-Escritura,2542 INGENIERÍA CIVIL,NIVELACIÓN,4,(4) Grupo 4 - Clase Presencial,CLASE TEORICA,Adriana Patricia Díaz Cuevas,0,DIURNO,SÁBADO,09:00,11:00,404-206,404 - Yu Takeuchi,SALON,SALON DE CLASE-ESTADISTICA,27/08/2026 - 16/12/2026
1000002-B,Lecto-Escritura,2542 INGENIERÍA CIVIL,NIVELACIÓN,4,(5) Grupo 5 - Clase Presencial,CLASE TEORICA,Andres Felipe Escovar Barreto,0,DIURNO,LUNES,11:00,13:00,404-206,404 - Yu Takeuchi,SALON,SALON DE CLASE-ESTADISTICA,27/08/2026 - 16/12/2026
1000002-B,Lecto-Escritura,2542 INGENIERÍA CIVIL,NIVELACIÓN,4,(5) Grupo 5 - Clase Presencial,CLASE TEORICA,Andres Felipe Escovar Barreto,0,DIURNO,MIÉRCOLES,11:00,13:00,404-206,404 - Yu Takeuchi,SALON,SALON DE CLASE-ESTADISTICA,27/08/2026 - 16/12/2026
1000002-B,Lecto-Escritura,2542 INGENIERÍA CIVIL,NIVELACIÓN,4,(5) Grupo 5 - Clase Presencial,CLASE TEORICA,Andres Felipe Escovar Barreto,0,DIURNO,VIERNES,11:00,13:00,404-206,404 - Yu Takeuchi,SALON,SALON DE CLASE-ESTADISTICA,27/08/2026 - 16/12/2026
1000002-B,Lecto-Escritura,2542 INGENIERÍA CIVIL,NIVELACIÓN,4,(6) Grupo 6 - Clase Presencial,CLASE TEORICA,Ruth Andrea Cortés Suárez,0,DIURNO,LUNES,14:00,16:00,404-206,404 - Yu Takeuchi,SALON,SALON DE CLASE-ESTADISTICA,27/08/2026 - 16/12/2026
1000002-B,Lecto-Escritura,2542 INGENIERÍA CIVIL,NIVELACIÓN,4,(6) Grupo 6 - Clase Presencial,CLASE TEORICA,Ruth Andrea Cortés Suárez,0,DIURNO,MIÉRCOLES,14:00,16:00,404-206,404 - Yu Takeuchi,SALON,SALON DE CLASE-ESTADISTICA,27/08/2026 - 16/12/2026
1000002-B,Lecto-Escritura,2542 INGENIERÍA CIVIL,NIVELACIÓN,4,(6) Grupo 6 - Clase Presencial,CLASE TEORICA,Ruth Andrea Cortés Suárez,0,DIURNO,JUEVES,14:00,16:00,404-206,404 - Yu Takeuchi,SALON,SALON DE CLASE-ESTADISTICA,27/08/2026 - 16/12/2026
1000002-B,Lecto-Escritura,2542 INGENIERÍA CIVIL,NIVELACIÓN,4,(7) Grupo 7 - Clase Presencial,CLASE TEORICA,Karen Johanna Castelblanco Villamil,0,DIURNO,LUNES,16:00,18:00,471-506,471 - José Félix Patiño Restrepo,SALON,SALON DE CLASE,27/08/2026 - 16/12/2026
1000002-B,Lecto-Escritura,2542 INGENIERÍA CIVIL,NIVELACIÓN,4,(7) Grupo 7 - Clase Presencial,CLASE TEORICA,Karen Johanna Castelblanco Villamil,0,DIURNO,MIÉRCOLES,16:00,18:00,404-206,404 - Yu Takeuchi,SALON,SALON DE CLASE-ESTADISTICA,27/08/2026 - 16/12/2026
1000002-B,Lecto-Escritura,2542 INGENIERÍA CIVIL,NIVELACIÓN,4,(7) Grupo 7 - Clase Presencial,CLASE TEORICA,Karen Johanna Castelblanco Villamil,0,DIURNO,JUEVES,16:00,18:00,404-206,404 - Yu Takeuchi,SALON,SALON DE CLASE-ESTADISTICA,27/08/2026 - 16/12/2026
1000002-B,Lecto-Escritura,2542 INGENIERÍA CIVIL,NIVELACIÓN,4,(8) Grupo 8 - Clase Presencial,CLASE TEORICA,Adriana Patricia Díaz Cuevas,0,DIURNO,LUNES,07:00,09:00,404-204,404 - Yu Takeuchi,SALON,SALON DE CLASE-FISICA - SF - AULA TIC,27/08/2026 - 16/12/2026
1000002-B,Lecto-Escritura,2542 INGENIERÍA CIVIL,NIVELACIÓN,4,(8) Grupo 8 - Clase Presencial,CLASE TEORICA,Adriana Patricia Díaz Cuevas,0,DIURNO,MIÉRCOLES,07:00,09:00,224-222,224 - Manuel Ancizar,SALON,SALON DE CLASE - GEOCIENCIAS,27/08/2026 - 16/12/2026
1000002-B,Lecto-Escritura,2542 INGENIERÍA CIVIL,NIVELACIÓN,4,(8) Grupo 8 - Clase Presencial,CLASE TEORICA,Adriana Patricia Díaz Cuevas,0,DIURNO,SÁBADO,11:00,13:00,404-204,404 - Yu Takeuchi,SALON,SALON DE CLASE-FISICA - SF - AULA TIC,27/08/2026 - 16/12/2026
1000002-B,Lecto-Escritura,2542 INGENIERÍA CIVIL,NIVELACIÓN,4,(9) Grupo 9 - Clase Presencial,CLASE TEORICA,Carlas Lucia Castilla Lara,10,DIURNO,LUNES,09:00,11:00,404-214,404 - Yu Takeuchi,SALON,SALON DE CLASE-FISICA - SF - AULA TIC,24/08/2026 - 12/12/2026
1000002-B,Lecto-Escritura,2542 INGENIERÍA CIVIL,NIVELACIÓN,4,(9) Grupo 9 - Clase Presencial,CLASE TEORICA,Carlas Lucia Castilla Lara,10,DIURNO,MIÉRCOLES,09:00,11:00,404-214,404 - Yu Takeuchi,SALON,SALON DE CLASE-FISICA - SF - AULA TIC,24/08/2026 - 12/12/2026
1000002-B,Lecto-Escritura,2542 INGENIERÍA CIVIL,NIVELACIÓN,4,(9) Grupo 9 - Clase Presencial,CLASE TEORICA,Carlas Lucia Castilla Lara,10,DIURNO,VIERNES,11:00,13:00,453-109,453 - Guillermina Uribe Bone,SALON,SALON DE CLASE 453-109,24/08/2026 - 12/12/2026
1000002-B,Lecto-Escritura,2542 INGENIERÍA CIVIL,NIVELACIÓN,4,(9) Grupo 9 - Clase Presencial,CLASE TEORICA,Carlas Lucia Castilla Lara,10,DIURNO,MARTES,07:00,09:00,,,,,24/08/2026 - 12/12/2026
1000002-B,Lecto-Escritura,2542 INGENIERÍA CIVIL,NIVELACIÓN,4,(9) Grupo 9 - Clase Presencial,CLASE TEORICA,Carlas Lucia Castilla Lara,10,DIURNO,JUEVES,07:00,09:00,,,,,24/08/2026 - 12/12/2026
1000002-B,Lecto-Escritura,2542 INGENIERÍA CIVIL,NIVELACIÓN,4,(9) Grupo 9 - Clase Presencial,CLASE TEORICA,Carlas Lucia Castilla Lara,10,DIURNO,MIÉRCOLES,09:00,11:00,,,,,24/08/2026 - 12/12/2026
1000002-B,Lecto-Escritura,2542 INGENIERÍA CIVIL,NIVELACIÓN,4,(9) Grupo 9 - Clase Presencial,CLASE TEORICA,Carlas Lucia Castilla Lara,10,DIURNO,VIERNES,09:00,11:00,,,,,24/08/2026 - 12/12/2026
1000002-B,Lecto-Escritura,2542 INGENIERÍA CIVIL,NIVELACIÓN,4,(9) Grupo 9 - Clase Presencial,CLASE TEORICA,Carlas Lucia Castilla Lara,10,DIURNO,MIÉRCOLES,13:00,15:00,,,,,24/08/2026 - 12/12/2026
1000002-B,Lecto-Escritura,2542 INGENIERÍA CIVIL,NIVELACIÓN,4,(9) Grupo 9 - Clase Presencial,CLASE TEORICA,Carlas Lucia Castilla Lara,10,DIURNO,VIERNES,13:00,15:00,,,,,24/08/2026 - 12/12/2026
1000002-B,Lecto-Escritura,2542 INGENIERÍA CIVIL,NIVELACIÓN,4,(9) Grupo 9 - Clase Presencial,CLASE TEORICA,Carlas Lucia Castilla Lara,10,DIURNO,MIÉRCOLES,11:00,13:00,,,,,24/08/2026 - 12/12/2026
1000002-B,Lecto-Escritura,2542 INGENIERÍA CIVIL,NIVELACIÓN,4,(9) Grupo 9 - Clase Presencial,CLASE TEORICA,Carlas Lucia Castilla Lara,10,DIURNO,VIERNES,11:00,13:00,,,,,24/08/2026 - 12/12/2026
1000002-B,Lecto-Escritura,2542 INGENIERÍA CIVIL,NIVELACIÓN,4,(9) Grupo 9 - Clase Presencial,CLASE TEORICA,Carlas Lucia Castilla Lara,10,DIURNO,MIÉRCOLES,14:00,16:00,,,,,24/08/2026 - 12/12/2026
1000002-B,Lecto-Escritura,2542 INGENIERÍA CIVIL,NIVELACIÓN,4,(9) Grupo 9 - Clase Presencial,CLASE TEORICA,Carlas Lucia Castilla Lara,10,DIURNO,VIERNES,14:00,16:00,,,,,24/08/2026 - 12/12/2026
1000002-B,Lecto-Escritura,2542 INGENIERÍA CIVIL,NIVELACIÓN,4,(9) Grupo 9 - Clase Presencial,CLASE TEORICA,Carlas Lucia Castilla Lara,10,DIURNO,LUNES,11:00,13:00,A-2A,AULAS MODULARES,SALON,AULA MODULAR 2A,24/08/2026 - 12/12/2026
1000002-B,Lecto-Escritura,2542 INGENIERÍA CIVIL,NIVELACIÓN,4,(9) Grupo 9 - Clase Presencial,CLASE TEORICA,Carlas Lucia Castilla Lara,10,DIURNO,VIERNES,13:00,15:00,A-1A,AULAS MODULARES,SALON,AULA MODULAR 1A,24/08/2026 - 12/12/2026
1000002-B,Lecto-Escritura,2542 INGENIERÍA CIVIL,NIVELACIÓN,4,(9) Grupo 9 - Clase Presencial,CLASE TEORICA,Carlas Lucia Castilla Lara,10,DIURNO,MARTES,15:00,17:00,A-3B,AULAS MODULARES,SALON,AULA MODULAR 3B,24/08/2026 - 12/12/2026
1000002-B,Lecto-Escritura,2542 INGENIERÍA CIVIL,NIVELACIÓN,4,(9) Grupo 9 - Clase Presencial,CLASE TEORICA,Carlas Lucia Castilla Lara,10,DIURNO,JUEVES,09:00,11:00,A-2B,AULAS MODULARES,SALON,AULA MODULAR 2B,24/08/2026 - 12/12/2026
1000002-B,Lecto-Escritura,2542 INGENIERÍA CIVIL,NIVELACIÓN,4,(9) Grupo 9 - Clase Presencial,CLASE TEORICA,Carlas Lucia Castilla Lara,10,DIURNO,MIÉRCOLES,15:00,17:00,A-1A,AULAS MODULARES,SALON,AULA MODULAR 1A,24/08/2026 - 12/12/2026
1000002-B,Lecto-Escritura,2542 INGENIERÍA CIVIL,NIVELACIÓN,4,(9) Grupo 9 - Clase Presencial,CLASE TEORICA,Carlas Lucia Castilla Lara,10,DIURNO,VIERNES,07:00,09:00,A-1A,AULAS MODULARES,SALON,AULA MODULAR 1A,24/08/2026 - 12/12/2026
1000002-B,Lecto-Escritura,2542 INGENIERÍA CIVIL,NIVELACIÓN,4,(9) Grupo 9 - Clase Presencial,CLASE TEORICA,Carlas Lucia Castilla Lara,10,DIURNO,MIÉRCOLES,09:00,11:00,A-2B,AULAS MODULARES,SALON,AULA MODULAR 2B,24/08/2026 - 12/12/2026
1000002-B,Lecto-Escritura,2542 INGENIERÍA CIVIL,NIVELACIÓN,4,(9) Grupo 9 - Clase Presencial,CLASE TEORICA,Carlas Lucia Castilla Lara,10,DIURNO,VIERNES,09:00,11:00,A-3B,AULAS MODULARES,SALON,AULA MODULAR 3B,24/08/2026 - 12/12/2026
1000002-B,Lecto-Escritura,2542 INGENIERÍA CIVIL,NIVELACIÓN,4,(9) Grupo 9 - Clase Presencial,CLASE TEORICA,Carlas Lucia Castilla Lara,10,DIURNO,LUNES,09:00,11:00,,,,,24/08/2026 - 12/12/2026
1000002-B,Lecto-Escritura,2542 INGENIERÍA CIVIL,NIVELACIÓN,4,(9) Grupo 9 - Clase Presencial,CLASE TEORICA,Carlas Lucia Castilla Lara,10,DIURNO,VIERNES,09:00,11:00,,,,,24/08/2026 - 12/12/2026
1000002-B,Lecto-Escritura,2542 INGENIERÍA CIVIL,NIVELACIÓN,4,(9) Grupo 9 - Clase Presencial,CLASE TEORICA,Carlas Lucia Castilla Lara,10,DIURNO,MARTES,07:00,09:00,,,,,24/08/2026 - 12/12/2026
1000002-B,Lecto-Escritura,2542 INGENIERÍA CIVIL,NIVELACIÓN,4,(9) Grupo 9 - Clase Presencial,CLASE TEORICA,Carlas Lucia Castilla Lara,10,DIURNO,JUEVES,07:00,09:00,,,,,24/08/2026 - 12/12/2026
1000002-B,Lecto-Escritura,2542 INGENIERÍA CIVIL,NIVELACIÓN,4,(9) Grupo 9 - Clase Presencial,CLASE TEORICA,Carlas Lucia Castilla Lara,10,DIURNO,MIÉRCOLES,09:00,11:00,10,EDIFICIO AULAS DE CLASE,,AULA 2,24/08/2026 - 12/12/2026
1000002-B,Lecto-Escritura,2542 INGENIERÍA CIVIL,NIVELACIÓN,4,(9) Grupo 9 - Clase Presencial,CLASE TEORICA,Carlas Lucia Castilla Lara,10,DIURNO,VIERNES,09:00,11:00,10,EDIFICIO AULAS DE CLASE,,AULA 2,24/08/2026 - 12/12/2026
1000002-B,Lecto-Escritura,2542 INGENIERÍA CIVIL,NIVELACIÓN,4,(9) Grupo 9 - Clase Presencial,CLASE TEORICA,Carlas Lucia Castilla Lara,10,DIURNO,MIÉRCOLES,13:00,15:00,,,,,24/08/2026 - 12/12/2026
1000002-B,Lecto-Escritura,2542 INGENIERÍA CIVIL,NIVELACIÓN,4,(9) Grupo 9 - Clase Presencial,CLASE TEORICA,Carlas Lucia Castilla Lara,10,DIURNO,VIERNES,13:00,15:00,,,,,24/08/2026 - 12/12/2026
1000002-B,Lecto-Escritura,2542 INGENIERÍA CIVIL,NIVELACIÓN,4,(9) Grupo 9 - Clase Presencial,CLASE TEORICA,Carlas Lucia Castilla Lara,10,DIURNO,JUEVES,07:00,09:00,,,,,24/08/2026 - 12/12/2026
1000002-B,Lecto-Escritura,2542 INGENIERÍA CIVIL,NIVELACIÓN,4,(9) Grupo 9 - Clase Presencial,CLASE TEORICA,Carlas Lucia Castilla Lara,10,DIURNO,VIERNES,11:00,13:00,,,,,24/08/2026 - 12/12/2026
1000002-B,Lecto-Escritura,2542 INGENIERÍA CIVIL,NIVELACIÓN,4,(9) Grupo 9 - Clase Presencial,CLASE TEORICA,Carlas Lucia Castilla Lara,10,DIURNO,LUNES,09:00,11:00,,,,,24/08/2026 - 12/12/2026
1000002-B,Lecto-Escritura,2542 INGENIERÍA CIVIL,NIVELACIÓN,4,(9) Grupo 9 - Clase Presencial,CLASE TEORICA,Carlas Lucia Castilla Lara,10,DIURNO,JUEVES,09:00,11:00,,,,,24/08/2026 - 12/12/2026
1000002-B,Lecto-Escritura,2542 INGENIERÍA CIVIL,NIVELACIÓN,4,(9) Grupo 9 - Clase Presencial,CLASE TEORICA,Carlas Lucia Castilla Lara,10,DIURNO,MARTES,14:00,16:00,,,,,24/08/2026 - 12/12/2026
1000002-B,Lecto-Escritura,2542 INGENIERÍA CIVIL,NIVELACIÓN,4,(9) Grupo 9 - Clase Presencial,CLASE TEORICA,Carlas Lucia Castilla Lara,10,DIURNO,VIERNES,14:00,16:00,,,,,24/08/2026 - 12/12/2026
1000001-B,Matemáticas Básicas,2542 INGENIERÍA CIVIL,NIVELACIÓN,4,(1) Grupo 1,CLASE TEORICA,No informado,0,DIURNO,VIERNES,14:00,16:00,401-101,401 - Julio Garavito Armero,SALON,SALÓN DE CLASE 401-101,24/08/2026 - 17/12/2026
1000001-B,Matemáticas Básicas,2542 INGENIERÍA CIVIL,NIVELACIÓN,4,(19) Grupo 19,CLASE TEORICA,No informado,5,DIURNO,VIERNES,14:00,16:00,,,,,24/08/2026 - 17/12/2026
1000001-B,Matemáticas Básicas,2542 INGENIERÍA CIVIL,NIVELACIÓN,4,(2) Grupo 2,CLASE TEORICA,No informado,10,DIURNO,VIERNES,16:00,18:00,401-102,401 - Julio Garavito Armero,SALON,SALÓN DE CLASE 401-102,24/08/2026 - 17/12/2026
1000001-B,Matemáticas Básicas,2542 INGENIERÍA CIVIL,NIVELACIÓN,4,(2) Grupo 2,CLASE TEORICA,No informado,10,DIURNO,MARTES,14:00,16:00,01,EDIFICIO PRINCIPAL SEDE CARIBE,,CAPILLA,24/08/2026 - 17/12/2026
1000001-B,Matemáticas Básicas,2542 INGENIERÍA CIVIL,NIVELACIÓN,4,(2) Grupo 2,CLASE TEORICA,No informado,10,DIURNO,JUEVES,14:00,16:00,01,EDIFICIO PRINCIPAL SEDE CARIBE,,CAPILLA,24/08/2026 - 17/12/2026
1000001-B,Matemáticas Básicas,2542 INGENIERÍA CIVIL,NIVELACIÓN,4,(2) Grupo 2,CLASE TEORICA,No informado,10,DIURNO,MIÉRCOLES,14:00,16:00,01,EDIFICIO PRINCIPAL SEDE CARIBE,,CAPILLA,24/08/2026 - 17/12/2026
1000001-B,Matemáticas Básicas,2542 INGENIERÍA CIVIL,NIVELACIÓN,4,(2) Grupo 2,CLASE TEORICA,No informado,10,DIURNO,VIERNES,14:00,16:00,,,,,24/08/2026 - 17/12/2026
1000001-B,Matemáticas Básicas,2542 INGENIERÍA CIVIL,NIVELACIÓN,4,(2) Grupo 2,CLASE TEORICA,No informado,10,DIURNO,MARTES,15:00,17:00,A-2B,AULAS MODULARES,SALON,AULA MODULAR 2B,24/08/2026 - 17/12/2026
1000001-B,Matemáticas Básicas,2542 INGENIERÍA CIVIL,NIVELACIÓN,4,(2) Grupo 2,CLASE TEORICA,No informado,10,DIURNO,JUEVES,13:00,15:00,A-2B,AULAS MODULARES,SALON,AULA MODULAR 2B,24/08/2026 - 17/12/2026
1000001-B,Matemáticas Básicas,2542 INGENIERÍA CIVIL,NIVELACIÓN,4,(2) Grupo 2,CLASE TEORICA,No informado,10,DIURNO,MIÉRCOLES,07:00,09:00,A-1A,AULAS MODULARES,SALON,AULA MODULAR 1A,24/08/2026 - 17/12/2026
1000001-B,Matemáticas Básicas,2542 INGENIERÍA CIVIL,NIVELACIÓN,4,(2) Grupo 2,CLASE TEORICA,No informado,10,DIURNO,VIERNES,13:00,15:00,A-3B,AULAS MODULARES,SALON,AULA MODULAR 3B,24/08/2026 - 17/12/2026
1000001-B,Matemáticas Básicas,2542 INGENIERÍA CIVIL,NIVELACIÓN,4,(2) Grupo 2,CLASE TEORICA,No informado,10,DIURNO,LUNES,09:00,11:00,A-1A,AULAS MODULARES,SALON,AULA MODULAR 1A,24/08/2026 - 17/12/2026
1000001-B,Matemáticas Básicas,2542 INGENIERÍA CIVIL,NIVELACIÓN,4,(2) Grupo 2,CLASE TEORICA,No informado,10,DIURNO,JUEVES,13:00,15:00,A-3B,AULAS MODULARES,SALON,AULA MODULAR 3B,24/08/2026 - 17/12/2026
1000001-B,Matemáticas Básicas,2542 INGENIERÍA CIVIL,NIVELACIÓN,4,(2) Grupo 2,CLASE TEORICA,No informado,10,DIURNO,LUNES,07:00,09:00,A-2B,AULAS MODULARES,SALON,AULA MODULAR 2B,24/08/2026 - 17/12/2026
1000001-B,Matemáticas Básicas,2542 INGENIERÍA CIVIL,NIVELACIÓN,4,(2) Grupo 2,CLASE TEORICA,No informado,10,DIURNO,JUEVES,07:00,09:00,A-3B,AULAS MODULARES,SALON,AULA MODULAR 3B,24/08/2026 - 17/12/2026
1000001-B,Matemáticas Básicas,2542 INGENIERÍA CIVIL,NIVELACIÓN,4,(2) Grupo 2,CLASE TEORICA,No informado,10,DIURNO,LUNES,17:00,19:00,,,,,24/08/2026 - 17/12/2026
1000001-B,Matemáticas Básicas,2542 INGENIERÍA CIVIL,NIVELACIÓN,4,(2) Grupo 2,CLASE TEORICA,No informado,10,DIURNO,MIÉRCOLES,17:00,19:00,,,,,24/08/2026 - 17/12/2026
1000001-B,Matemáticas Básicas,2542 INGENIERÍA CIVIL,NIVELACIÓN,4,(2) Grupo 2,CLASE TEORICA,No informado,10,DIURNO,MIÉRCOLES,07:00,09:00,14,EDIFICIO AULAS DE CLASE,,TIC 3A,24/08/2026 - 17/12/2026
1000001-B,Matemáticas Básicas,2542 INGENIERÍA CIVIL,NIVELACIÓN,4,(2) Grupo 2,CLASE TEORICA,No informado,10,DIURNO,VIERNES,07:00,09:00,14,EDIFICIO AULAS DE CLASE,,TIC 3A,24/08/2026 - 17/12/2026
1000001-B,Matemáticas Básicas,2542 INGENIERÍA CIVIL,NIVELACIÓN,4,(2) Grupo 2,CLASE TEORICA,No informado,10,DIURNO,MARTES,07:00,09:00,,,,,24/08/2026 - 17/12/2026
1000001-B,Matemáticas Básicas,2542 INGENIERÍA CIVIL,NIVELACIÓN,4,(2) Grupo 2,CLASE TEORICA,No informado,10,DIURNO,JUEVES,07:00,09:00,18,EDIFICIO AULAS DE CLASE,,TIC 5B,24/08/2026 - 17/12/2026
1000001-B,Matemáticas Básicas,2542 INGENIERÍA CIVIL,NIVELACIÓN,4,(2) Grupo 2,CLASE TEORICA,No informado,10,DIURNO,MARTES,09:00,11:00,19,EDIFICIO AULAS DE CLASE,,TIC 5C,24/08/2026 - 17/12/2026
1000001-B,Matemáticas Básicas,2542 INGENIERÍA CIVIL,NIVELACIÓN,4,(2) Grupo 2,CLASE TEORICA,No informado,10,DIURNO,JUEVES,09:00,11:00,19,EDIFICIO AULAS DE CLASE,,TIC 5C,24/08/2026 - 17/12/2026
1000001-B,Matemáticas Básicas,2542 INGENIERÍA CIVIL,NIVELACIÓN,4,(2) Grupo 2,CLASE TEORICA,No informado,10,DIURNO,LUNES,07:00,09:00,,,,,24/08/2026 - 17/12/2026
1000001-B,Matemáticas Básicas,2542 INGENIERÍA CIVIL,NIVELACIÓN,4,(2) Grupo 2,CLASE TEORICA,No informado,10,DIURNO,MIÉRCOLES,07:00,09:00,AULA 2,AULAS DE CLASE ORINOQUIA,SALON,AULA DE CLASE ORINOQUIA 2,24/08/2026 - 17/12/2026
1000001-B,Matemáticas Básicas,2542 INGENIERÍA CIVIL,NIVELACIÓN,4,(2) Grupo 2,CLASE TEORICA,No informado,10,DIURNO,VIERNES,07:00,09:00,AULA 2,AULAS DE CLASE ORINOQUIA,SALON,AULA DE CLASE ORINOQUIA 2,24/08/2026 - 17/12/2026
1000001-B,Matemáticas Básicas,2542 INGENIERÍA CIVIL,NIVELACIÓN,4,(2) Grupo 2,CLASE TEORICA,No informado,10,DIURNO,LUNES,07:00,09:00,,,,,24/08/2026 - 17/12/2026
1000001-B,Matemáticas Básicas,2542 INGENIERÍA CIVIL,NIVELACIÓN,4,(2) Grupo 2,CLASE TEORICA,No informado,10,DIURNO,MARTES,07:00,09:00,,,,,24/08/2026 - 17/12/2026
1000001-B,Matemáticas Básicas,2542 INGENIERÍA CIVIL,NIVELACIÓN,4,(2) Grupo 2,CLASE TEORICA,No informado,10,DIURNO,VIERNES,07:00,09:00,,,,,24/08/2026 - 17/12/2026
1000001-B,Matemáticas Básicas,2542 INGENIERÍA CIVIL,NIVELACIÓN,4,(2) Grupo 2,CLASE TEORICA,No informado,10,DIURNO,LUNES,09:00,11:00,,,,,24/08/2026 - 17/12/2026
1000001-B,Matemáticas Básicas,2542 INGENIERÍA CIVIL,NIVELACIÓN,4,(2) Grupo 2,CLASE TEORICA,No informado,10,DIURNO,MIÉRCOLES,09:00,11:00,,,,,24/08/2026 - 17/12/2026
1000001-B,Matemáticas Básicas,2542 INGENIERÍA CIVIL,NIVELACIÓN,4,(2) Grupo 2,CLASE TEORICA,No informado,10,DIURNO,VIERNES,09:00,11:00,,,,,24/08/2026 - 17/12/2026
1000001-B,Matemáticas Básicas,2542 INGENIERÍA CIVIL,NIVELACIÓN,4,(2) Grupo 2,CLASE TEORICA,No informado,10,DIURNO,MARTES,11:00,13:00,,,,,24/08/2026 - 17/12/2026
1000001-B,Matemáticas Básicas,2542 INGENIERÍA CIVIL,NIVELACIÓN,4,(2) Grupo 2,CLASE TEORICA,No informado,10,DIURNO,MIÉRCOLES,11:00,13:00,,,,,24/08/2026 - 17/12/2026
1000001-B,Matemáticas Básicas,2542 INGENIERÍA CIVIL,NIVELACIÓN,4,(2) Grupo 2,CLASE TEORICA,No informado,10,DIURNO,JUEVES,07:00,09:00,,,,,24/08/2026 - 17/12/2026
1000001-B,Matemáticas Básicas,2542 INGENIERÍA CIVIL,NIVELACIÓN,4,(1) Grupo 1,CLASE MAGISTRAL,Ibeth Marcela Rubio Perilla,0,DIURNO,MIÉRCOLES,07:00,09:00,453-232,453 - Guillermina Uribe Bone,AUDITORIO,AUDITORIO B INGENIERIA,24/08/2026 - 17/12/2026
1000001-B,Matemáticas Básicas,2542 INGENIERÍA CIVIL,NIVELACIÓN,4,(1) Grupo 1,CLASE MAGISTRAL,Ibeth Marcela Rubio Perilla,0,DIURNO,VIERNES,07:00,09:00,453-232,453 - Guillermina Uribe Bone,AUDITORIO,AUDITORIO B INGENIERIA,24/08/2026 - 17/12/2026
1000001-B,Matemáticas Básicas,2542 INGENIERÍA CIVIL,NIVELACIÓN,4,(10) Grupo 10,CLASE MAGISTRAL,No informado,0,DIURNO,MIÉRCOLES,07:00,09:00,,,,,24/08/2026 - 12/12/2026
1000001-B,Matemáticas Básicas,2542 INGENIERÍA CIVIL,NIVELACIÓN,4,(10) Grupo 10,CLASE MAGISTRAL,No informado,0,DIURNO,VIERNES,07:00,09:00,,,,,24/08/2026 - 12/12/2026
1000001-B,Matemáticas Básicas,2542 INGENIERÍA CIVIL,NIVELACIÓN,4,(2) Grupo 2,CLASE MAGISTRAL,Herbert Alonso Dueñas Ruiz,0,DIURNO,MARTES,07:00,09:00,401-PAR-A,401 - Julio Garavito Armero,AUDITORIO,AUDITORIO CARLOS ALBERTO BARBERI PERDOMO (PARANINFO A),24/08/2026 - 17/12/2026
1000001-B,Matemáticas Básicas,2542 INGENIERÍA CIVIL,NIVELACIÓN,4,(2) Grupo 2,CLASE MAGISTRAL,Herbert Alonso Dueñas Ruiz,0,DIURNO,JUEVES,07:00,09:00,453-232,453 - Guillermina Uribe Bone,AUDITORIO,AUDITORIO B INGENIERIA,24/08/2026 - 17/12/2026
1000001-B,Matemáticas Básicas,2542 INGENIERÍA CIVIL,NIVELACIÓN,4,(3) Grupo 3,CLASE MAGISTRAL,Jeanneth Galeano Penaloza,0,DIURNO,MIÉRCOLES,09:00,11:00,453-233,453 - Guillermina Uribe Bone,AUDITORIO,AUDITORIO C - ANTONIO MARÍA GÓMEZ,24/08/2026 - 17/12/2026
1000001-B,Matemáticas Básicas,2542 INGENIERÍA CIVIL,NIVELACIÓN,4,(3) Grupo 3,CLASE MAGISTRAL,Jeanneth Galeano Penaloza,0,DIURNO,VIERNES,09:00,11:00,453-233,453 - Guillermina Uribe Bone,AUDITORIO,AUDITORIO C - ANTONIO MARÍA GÓMEZ,24/08/2026 - 17/12/2026
1000001-B,Matemáticas Básicas,2542 INGENIERÍA CIVIL,NIVELACIÓN,4,(4) Grupo 4,CLASE MAGISTRAL,Gustavo Adolfo Nieto Clavijo,0,DIURNO,MIÉRCOLES,07:00,09:00,453-233,453 - Guillermina Uribe Bone,AUDITORIO,AUDITORIO C - ANTONIO MARÍA GÓMEZ,24/08/2026 - 17/12/2026
1000001-B,Matemáticas Básicas,2542 INGENIERÍA CIVIL,NIVELACIÓN,4,(4) Grupo 4,CLASE MAGISTRAL,Gustavo Adolfo Nieto Clavijo,0,DIURNO,VIERNES,07:00,09:00,453-233,453 - Guillermina Uribe Bone,AUDITORIO,AUDITORIO C - ANTONIO MARÍA GÓMEZ,24/08/2026 - 17/12/2026
1000001-B,Matemáticas Básicas,2542 INGENIERÍA CIVIL,NIVELACIÓN,4,(5) Grupo 5,CLASE MAGISTRAL,Natalia Camila Pinzon Cortes,0,DIURNO,MARTES,07:00,09:00,212-121,212 - José Agustín Blanco Barros,AUDITORIO,AUDITORIO MARIA CRISTINA SALAZAR C,24/08/2026 - 17/12/2026
1000001-B,Matemáticas Básicas,2542 INGENIERÍA CIVIL,NIVELACIÓN,4,(5) Grupo 5,CLASE MAGISTRAL,Natalia Camila Pinzon Cortes,0,DIURNO,JUEVES,07:00,09:00,564-S11,564 - Gloria Amparo Galeano Garcés,,AUDITORIO 2 - STELLA TORRES DE YOUNG,24/08/2026 - 17/12/2026
1000001-B,Matemáticas Básicas,2542 INGENIERÍA CIVIL,NIVELACIÓN,4,(6) Grupo 6,CLASE MAGISTRAL,Martha Cecilia Moreno Penagos,0,DIURNO,MARTES,07:00,09:00,453-232,453 - Guillermina Uribe Bone,AUDITORIO,AUDITORIO B INGENIERIA,24/08/2026 - 17/12/2026
1000001-B,Matemáticas Básicas,2542 INGENIERÍA CIVIL,NIVELACIÓN,4,(6) Grupo 6,CLASE MAGISTRAL,Martha Cecilia Moreno Penagos,0,DIURNO,JUEVES,07:00,09:00,453-233,453 - Guillermina Uribe Bone,AUDITORIO,AUDITORIO C - ANTONIO MARÍA GÓMEZ,24/08/2026 - 17/12/2026
1000001-B,Matemáticas Básicas,2542 INGENIERÍA CIVIL,NIVELACIÓN,4,(7) Grupo 7,CLASE MAGISTRAL,Claudio Rodriguez Beltran,0,DIURNO,MIÉRCOLES,07:00,09:00,PRINCIPAL,310-03,AUDITORIO,AUD,24/08/2026 - 17/12/2026
1000001-B,Matemáticas Básicas,2542 INGENIERÍA CIVIL,NIVELACIÓN,4,(7) Grupo 7,CLASE MAGISTRAL,Claudio Rodriguez Beltran,0,DIURNO,VIERNES,07:00,09:00,PRINCIPAL,310-03,AUDITORIO,AUD,24/08/2026 - 17/12/2026
1000001-B,Matemáticas Básicas,2542 INGENIERÍA CIVIL,NIVELACIÓN,4,(8) Grupo 8,CLASE MAGISTRAL,Gabriel Ignacio Padilla Leon,0,DIURNO,MIÉRCOLES,07:00,09:00,,,,,24/08/2026 - 17/12/2026
1000001-B,Matemáticas Básicas,2542 INGENIERÍA CIVIL,NIVELACIÓN,4,(8) Grupo 8,CLASE MAGISTRAL,Gabriel Ignacio Padilla Leon,0,DIURNO,VIERNES,07:00,09:00,,,,,24/08/2026 - 17/12/2026
1000001-B,Matemáticas Básicas,2542 INGENIERÍA CIVIL,NIVELACIÓN,4,(9) Grupo 9,CLASE MAGISTRAL,No informado,10,DIURNO,MIÉRCOLES,07:00,09:00,,,,,24/08/2026 - 17/12/2026
1000001-B,Matemáticas Básicas,2542 INGENIERÍA CIVIL,NIVELACIÓN,4,(9) Grupo 9,CLASE MAGISTRAL,No informado,10,DIURNO,VIERNES,07:00,09:00,PRINCIPAL,310-03,AUDITORIO,AUD,24/08/2026 - 17/12/2026
1000001-B,Matemáticas Básicas,2542 INGENIERÍA CIVIL,NIVELACIÓN,4,(9) Grupo 9,CLASE MAGISTRAL,No informado,10,DIURNO,MARTES,15:00,17:00,A-2B,AULAS MODULARES,SALON,AULA MODULAR 2B,24/08/2026 - 17/12/2026
1000001-B,Matemáticas Básicas,2542 INGENIERÍA CIVIL,NIVELACIÓN,4,(9) Grupo 9,CLASE MAGISTRAL,No informado,10,DIURNO,JUEVES,13:00,15:00,A-2B,AULAS MODULARES,SALON,AULA MODULAR 2B,24/08/2026 - 17/12/2026
1000001-B,Matemáticas Básicas,2542 INGENIERÍA CIVIL,NIVELACIÓN,4,(9) Grupo 9,CLASE MAGISTRAL,No informado,10,DIURNO,MIÉRCOLES,07:00,09:00,A-1A,AULAS MODULARES,SALON,AULA MODULAR 1A,24/08/2026 - 17/12/2026
1000001-B,Matemáticas Básicas,2542 INGENIERÍA CIVIL,NIVELACIÓN,4,(9) Grupo 9,CLASE MAGISTRAL,No informado,10,DIURNO,VIERNES,13:00,15:00,A-3B,AULAS MODULARES,SALON,AULA MODULAR 3B,24/08/2026 - 17/12/2026
1000001-B,Matemáticas Básicas,2542 INGENIERÍA CIVIL,NIVELACIÓN,4,(9) Grupo 9,CLASE MAGISTRAL,No informado,10,DIURNO,LUNES,09:00,11:00,A-1A,AULAS MODULARES,SALON,AULA MODULAR 1A,24/08/2026 - 17/12/2026
1000001-B,Matemáticas Básicas,2542 INGENIERÍA CIVIL,NIVELACIÓN,4,(9) Grupo 9,CLASE MAGISTRAL,No informado,10,DIURNO,JUEVES,13:00,15:00,A-3B,AULAS MODULARES,SALON,AULA MODULAR 3B,24/08/2026 - 17/12/2026
1000001-B,Matemáticas Básicas,2542 INGENIERÍA CIVIL,NIVELACIÓN,4,(9) Grupo 9,CLASE MAGISTRAL,No informado,10,DIURNO,MARTES,07:00,09:00,A-3B,AULAS MODULARES,SALON,AULA MODULAR 3B,24/08/2026 - 17/12/2026
1000001-B,Matemáticas Básicas,2542 INGENIERÍA CIVIL,NIVELACIÓN,4,(9) Grupo 9,CLASE MAGISTRAL,No informado,10,DIURNO,JUEVES,07:00,09:00,A-3B,AULAS MODULARES,SALON,AULA MODULAR 3B,24/08/2026 - 17/12/2026
1000001-B,Matemáticas Básicas,2542 INGENIERÍA CIVIL,NIVELACIÓN,4,(9) Grupo 9,CLASE MAGISTRAL,No informado,10,DIURNO,LUNES,07:00,09:00,,,,,24/08/2026 - 17/12/2026
1000001-B,Matemáticas Básicas,2542 INGENIERÍA CIVIL,NIVELACIÓN,4,(9) Grupo 9,CLASE MAGISTRAL,No informado,10,DIURNO,MIÉRCOLES,07:00,09:00,,,,,24/08/2026 - 17/12/2026
1000001-B,Matemáticas Básicas,2542 INGENIERÍA CIVIL,NIVELACIÓN,4,(9) Grupo 9,CLASE MAGISTRAL,No informado,10,DIURNO,VIERNES,07:00,09:00,,,,,24/08/2026 - 17/12/2026
1000001-B,Matemáticas Básicas,2542 INGENIERÍA CIVIL,NIVELACIÓN,4,(9) Grupo 9,CLASE MAGISTRAL,No informado,10,DIURNO,LUNES,07:00,09:00,,,,,24/08/2026 - 17/12/2026
1000001-B,Matemáticas Básicas,2542 INGENIERÍA CIVIL,NIVELACIÓN,4,(9) Grupo 9,CLASE MAGISTRAL,No informado,10,DIURNO,MARTES,07:00,09:00,,,,,24/08/2026 - 17/12/2026
1000001-B,Matemáticas Básicas,2542 INGENIERÍA CIVIL,NIVELACIÓN,4,(9) Grupo 9,CLASE MAGISTRAL,No informado,10,DIURNO,VIERNES,07:00,09:00,,,,,24/08/2026 - 17/12/2026
1000001-B,Matemáticas Básicas,2542 INGENIERÍA CIVIL,NIVELACIÓN,4,(9) Grupo 9,CLASE MAGISTRAL,No informado,10,DIURNO,LUNES,09:00,11:00,,,,,24/08/2026 - 17/12/2026
1000001-B,Matemáticas Básicas,2542 INGENIERÍA CIVIL,NIVELACIÓN,4,(9) Grupo 9,CLASE MAGISTRAL,No informado,10,DIURNO,MIÉRCOLES,09:00,11:00,,,,,24/08/2026 - 17/12/2026
1000001-B,Matemáticas Básicas,2542 INGENIERÍA CIVIL,NIVELACIÓN,4,(9) Grupo 9,CLASE MAGISTRAL,No informado,10,DIURNO,VIERNES,09:00,11:00,,,,,24/08/2026 - 17/12/2026
1000001-B,Matemáticas Básicas,2542 INGENIERÍA CIVIL,NIVELACIÓN,4,(9) Grupo 9,CLASE MAGISTRAL,No informado,10,DIURNO,MARTES,11:00,13:00,,,,,24/08/2026 - 17/12/2026
1000001-B,Matemáticas Básicas,2542 INGENIERÍA CIVIL,NIVELACIÓN,4,(9) Grupo 9,CLASE MAGISTRAL,No informado,10,DIURNO,MIÉRCOLES,11:00,13:00,,,,,24/08/2026 - 17/12/2026
1000001-B,Matemáticas Básicas,2542 INGENIERÍA CIVIL,NIVELACIÓN,4,(9) Grupo 9,CLASE MAGISTRAL,No informado,10,DIURNO,JUEVES,07:00,09:00,,,,,24/08/2026 - 17/12/2026
